benchmark,i,x,y
TimeBlind,0,0.51888,0.38849
TimeBlind,1,0.57314,0.43538
TimeBlind,2,0.86241,0.30286
TimeBlind,3,0.87582,0.54795
TimeBlind,4,0.75263,0.35831
TimeBlind,5,0.76842,0.33761
TimeBlind,6,0.60351,0.30923
TimeBlind,7,0.61028,0.32022
TimeBlind,8,0.58697,0.19012
TimeBlind,9,0.58270,0.13450
TimeBlind,10,0.66641,0.44278
TimeBlind,11,0.65541,0.43609
TimeBlind,12,0.50245,0.13272
TimeBlind,13,0.51514,0.19714
TimeBlind,14,0.67714,0.25951
TimeBlind,15,0.63860,0.23053
TimeBlind,16,0.49845,0.22238
TimeBlind,17,0.30832,0.35169
TimeBlind,18,0.48103,0.36554
TimeBlind,19,0.48668,0.32748
TimeBlind,20,0.57508,0.44544
TimeBlind,21,0.61462,0.43800
TimeBlind,22,0.78161,0.61196
TimeBlind,23,0.78199,0.63174
TimeBlind,24,0.60898,0.25113
TimeBlind,25,0.62404,0.22323
TimeBlind,26,0.51314,0.40097
TimeBlind,27,0.58242,0.27575
TimeBlind,28,0.59916,0.33679
TimeBlind,29,0.60145,0.30490
TimeBlind,30,0.58064,0.45021
TimeBlind,31,0.58353,0.48152
TimeBlind,32,0.40378,0.33208
TimeBlind,33,0.41279,0.32165
TimeBlind,34,0.82578,0.52592
TimeBlind,35,0.82182,0.52994
TimeBlind,36,0.55676,0.17426
TimeBlind,37,0.55813,0.19677
TimeBlind,38,0.56676,0.47698
TimeBlind,39,0.55093,0.58675
TimeBlind,40,0.56771,0.41638
TimeBlind,41,0.57867,0.37243
TimeBlind,42,0.70301,0.27179
TimeBlind,43,0.69517,0.29839
TimeBlind,44,0.66907,0.43105
TimeBlind,45,0.65858,0.42559
TimeBlind,46,0.59773,0.47729
TimeBlind,47,0.60067,0.41877
TimeBlind,48,0.58604,0.44356
TimeBlind,49,0.61436,0.30214
TimeBlind,50,0.58281,0.21999
TimeBlind,51,0.57554,0.20560
TimeBlind,52,0.73405,0.35814
TimeBlind,53,0.75091,0.40158
TimeBlind,54,0.77717,0.41393
TimeBlind,55,0.77098,0.43766
TimeBlind,56,0.59703,0.24321
TimeBlind,57,0.60376,0.26627
TimeBlind,58,0.56045,0.27138
TimeBlind,59,0.58879,0.21682
TimeBlind,60,0.47405,0.25542
TimeBlind,61,0.47557,0.25938
TimeBlind,62,0.84273,0.53397
TimeBlind,63,0.83602,0.57693
TimeBlind,64,0.82606,0.46457
TimeBlind,65,0.75245,0.39804
TimeBlind,66,0.62584,0.45597
TimeBlind,67,0.77827,0.56070
TimeBlind,68,0.52570,0.36741
TimeBlind,69,0.55424,0.36455
TimeBlind,70,0.53065,0.31827
TimeBlind,71,0.57274,0.33294
TimeBlind,72,0.55969,0.46399
TimeBlind,73,0.53856,0.46760
TimeBlind,74,0.84164,0.56718
TimeBlind,75,0.85699,0.52738
TimeBlind,76,0.57266,0.16594
TimeBlind,77,0.61048,0.28789
TimeBlind,78,0.60165,0.40492
TimeBlind,79,0.60363,0.26974
TimeBlind,80,0.76488,0.51589
TimeBlind,81,0.76712,0.54058
TimeBlind,82,0.70905,0.49734
TimeBlind,83,0.57456,0.51234
TimeBlind,84,0.53459,0.35016
TimeBlind,85,0.55459,0.24461
TimeBlind,86,0.78666,0.37181
TimeBlind,87,0.75776,0.34419
TimeBlind,88,0.64170,0.45267
TimeBlind,89,0.56878,0.54283
TimeBlind,90,0.32882,0.24587
TimeBlind,91,0.29727,0.21177
TimeBlind,92,0.60437,0.17235
TimeBlind,93,0.56018,0.13958
TimeBlind,94,0.44517,0.26606
TimeBlind,95,0.46271,0.21518
TimeBlind,96,0.34566,0.37566
TimeBlind,97,0.40252,0.28918
TimeBlind,98,0.55834,0.20550
TimeBlind,99,0.54780,0.24983
TimeBlind,100,0.58098,0.28946
TimeBlind,101,0.55829,0.26770
TimeBlind,102,0.57568,0.21832
TimeBlind,103,0.54356,0.17556
TimeBlind,104,0.70160,0.28557
TimeBlind,105,0.66737,0.36717
TimeBlind,106,0.64367,0.28748
TimeBlind,107,0.68408,0.26395
TimeBlind,108,0.65364,0.39313
TimeBlind,109,0.64888,0.40247
TimeBlind,110,0.67793,0.49448
TimeBlind,111,0.67512,0.50689
TimeBlind,112,0.82636,0.44332
TimeBlind,113,0.81933,0.42559
TimeBlind,114,0.60657,0.41648
TimeBlind,115,0.61302,0.39241
TimeBlind,116,0.52168,0.42562
TimeBlind,117,0.52176,0.44210
TimeBlind,118,0.84597,0.48319
TimeBlind,119,0.82750,0.48714
TimeBlind,120,0.58113,0.33478
TimeBlind,121,0.53122,0.29825
TimeBlind,122,0.77288,0.53151
TimeBlind,123,0.78867,0.44503
TimeBlind,124,0.79866,0.24335
TimeBlind,125,0.78479,0.24260
TimeBlind,126,0.67175,0.21590
TimeBlind,127,0.67745,0.20850
TimeBlind,128,0.67446,0.21365
TimeBlind,129,0.69002,0.21709
TimeBlind,130,0.80497,0.29580
TimeBlind,131,0.79326,0.36168
TimeBlind,132,0.81218,0.19271
TimeBlind,133,0.74015,0.13968
TimeBlind,134,0.61603,0.29188
TimeBlind,135,0.62673,0.28352
TimeBlind,136,0.77637,0.43159
TimeBlind,137,0.71144,0.39538
TimeBlind,138,0.77391,0.21279
TimeBlind,139,0.75068,0.29430
TimeBlind,140,0.77217,0.27172
TimeBlind,141,0.79442,0.26139
TimeBlind,142,0.77539,0.45696
TimeBlind,143,0.80349,0.36980
TimeBlind,144,0.61102,0.13914
TimeBlind,145,0.64570,0.04911
TimeBlind,146,0.57908,0.28495
TimeBlind,147,0.66188,0.37191
TimeBlind,148,0.54929,0.16113
TimeBlind,149,0.54899,0.15254
TimeBlind,150,0.58532,0.17631
TimeBlind,151,0.70747,0.34774
TimeBlind,152,0.77326,0.40578
TimeBlind,153,0.77724,0.40509
TimeBlind,154,0.65403,0.50389
TimeBlind,155,0.68327,0.38269
TimeBlind,156,0.65010,0.50208
TimeBlind,157,0.69099,0.56316
TimeBlind,158,0.60524,0.18869
TimeBlind,159,0.58680,0.12161
TimeBlind,160,0.55265,0.26470
TimeBlind,161,0.55290,0.19366
TimeBlind,162,0.54893,0.56773
TimeBlind,163,0.54834,0.61104
TimeBlind,164,0.61923,0.28434
TimeBlind,165,0.63339,0.27888
TimeBlind,166,0.54180,0.39602
TimeBlind,167,0.56019,0.49137
TimeBlind,168,0.49976,0.43875
TimeBlind,169,0.49532,0.41174
TimeBlind,170,0.62978,0.38576
TimeBlind,171,0.62609,0.41103
TimeBlind,172,0.56372,0.32554
TimeBlind,173,0.55476,0.32090
TimeBlind,174,0.56131,0.47974
TimeBlind,175,0.52514,0.47995
TimeBlind,176,0.64791,0.35643
TimeBlind,177,0.67874,0.43841
TimeBlind,178,0.70806,0.33038
TimeBlind,179,0.70718,0.29634
TimeBlind,180,0.53424,0.56455
TimeBlind,181,0.52293,0.60265
TimeBlind,182,0.61551,0.61977
TimeBlind,183,0.61811,0.66778
TimeBlind,184,0.80258,0.34320
TimeBlind,185,0.82498,0.37914
TimeBlind,186,0.68486,0.18626
TimeBlind,187,0.69322,0.30357
TimeBlind,188,0.81753,0.36264
TimeBlind,189,0.81620,0.34518
TimeBlind,190,0.83573,0.33154
TimeBlind,191,0.81562,0.34456
TimeBlind,192,0.78045,0.22589
TimeBlind,193,0.60536,0.38051
TimeBlind,194,0.68888,0.31094
TimeBlind,195,0.72257,0.31261
TimeBlind,196,0.61443,0.30736
TimeBlind,197,0.60146,0.29004
TimeBlind,198,0.66953,0.36966
TimeBlind,199,0.57421,0.41894
TimeBlind,200,0.56559,0.40608
TimeBlind,201,0.54105,0.42348
TimeBlind,202,0.66992,0.30146
TimeBlind,203,0.63080,0.23319
TimeBlind,204,0.72374,0.71375
TimeBlind,205,0.72055,0.71559
TimeBlind,206,0.72463,0.30265
TimeBlind,207,0.72269,0.30330
TimeBlind,208,0.69379,0.30006
TimeBlind,209,0.69923,0.29597
TimeBlind,210,0.64668,0.47821
TimeBlind,211,0.65769,0.47006
TimeBlind,212,0.71888,0.70809
TimeBlind,213,0.67442,0.72950
TimeBlind,214,0.81102,0.52854
TimeBlind,215,0.81352,0.60623
TimeBlind,216,0.63200,0.35541
TimeBlind,217,0.58747,0.29583
TimeBlind,218,0.49057,0.36884
TimeBlind,219,0.44872,0.35855
TimeBlind,220,0.42301,0.46917
TimeBlind,221,0.39821,0.43401
TimeBlind,222,0.77402,0.35016
TimeBlind,223,0.80505,0.39343
TimeBlind,224,0.86189,0.55313
TimeBlind,225,0.87532,0.54130
TimeBlind,226,0.44035,0.13688
TimeBlind,227,0.43852,0.14500
TimeBlind,228,0.64953,0.51528
TimeBlind,229,0.64106,0.54024
TimeBlind,230,0.50177,0.31172
TimeBlind,231,0.44851,0.36291
TimeBlind,232,0.47500,0.35384
TimeBlind,233,0.52254,0.35790
TimeBlind,234,0.51740,0.30998
TimeBlind,235,0.53089,0.29133
TimeBlind,236,0.61545,0.51044
TimeBlind,237,0.61118,0.47933
TimeBlind,238,0.47089,0.27261
TimeBlind,239,0.43396,0.27745
TimeBlind,240,0.53856,0.37781
TimeBlind,241,0.53231,0.30173
TimeBlind,242,0.44945,0.50853
TimeBlind,243,0.44043,0.53628
TimeBlind,244,0.80235,0.46661
TimeBlind,245,0.78673,0.47633
TimeBlind,246,0.76637,0.40261
TimeBlind,247,0.68911,0.33972
TimeBlind,248,0.53980,0.31844
TimeBlind,249,0.46176,0.29832
TimeBlind,250,0.60408,0.28025
TimeBlind,251,0.61151,0.31507
TimeBlind,252,0.57082,0.35807
TimeBlind,253,0.61249,0.30712
TimeBlind,254,0.57336,0.05412
TimeBlind,255,0.59347,0.01828
TimeBlind,256,0.59741,0.24905
TimeBlind,257,0.58817,0.11895
TimeBlind,258,0.51758,0.27196
TimeBlind,259,0.50928,0.27452
TimeBlind,260,0.52523,0.37089
TimeBlind,261,0.52279,0.35749
TimeBlind,262,0.52154,0.46082
TimeBlind,263,0.46848,0.51514
TimeBlind,264,0.56665,0.68787
TimeBlind,265,0.58012,0.61462
TimeBlind,266,0.52215,0.73312
TimeBlind,267,0.52031,0.77077
TimeBlind,268,0.80298,0.48063
TimeBlind,269,0.83960,0.50014
TimeBlind,270,0.77847,0.41232
TimeBlind,271,0.76966,0.26719
TimeBlind,272,0.58398,0.17931
TimeBlind,273,0.60469,0.13893
TimeBlind,274,0.70405,0.33399
TimeBlind,275,0.69133,0.33645
TimeBlind,276,0.66879,0.24154
TimeBlind,277,0.65417,0.26415
TimeBlind,278,0.51360,0.44987
TimeBlind,279,0.54555,0.44738
TimeBlind,280,0.47366,0.39926
TimeBlind,281,0.58254,0.36878
TimeBlind,282,0.51621,0.57230
TimeBlind,283,0.50397,0.58580
TimeBlind,284,0.50676,0.36503
TimeBlind,285,0.49099,0.38324
TimeBlind,286,0.57365,0.35299
TimeBlind,287,0.54183,0.42334
TimeBlind,288,0.45971,0.39561
TimeBlind,289,0.59564,0.20175
TimeBlind,290,0.56574,0.24625
TimeBlind,291,0.40210,0.24802
TimeBlind,292,0.53557,0.52749
TimeBlind,293,0.55354,0.48083
TimeBlind,294,0.58191,0.47098
TimeBlind,295,0.59678,0.44932
TimeBlind,296,0.45995,0.15830
TimeBlind,297,0.58219,0.00815
TimeBlind,298,0.34599,0.14128
TimeBlind,299,0.33169,0.21757
TimeBlind,300,0.67955,0.47947
TimeBlind,301,0.73327,0.48264
TimeBlind,302,0.52193,0.40008
TimeBlind,303,0.50226,0.31149
TimeBlind,304,0.56025,0.22811
TimeBlind,305,0.52347,0.20434
TimeBlind,306,0.63625,0.38174
TimeBlind,307,0.63564,0.27612
TimeBlind,308,0.66283,0.22470
TimeBlind,309,0.65020,0.25798
TimeBlind,310,0.55813,0.26702
TimeBlind,311,0.55451,0.30845
TimeBlind,312,0.55184,0.27824
TimeBlind,313,0.54809,0.27619
TimeBlind,314,0.62686,0.42586
TimeBlind,315,0.63385,0.46532
TimeBlind,316,0.44432,0.19615
TimeBlind,317,0.49652,0.14896
TimeBlind,318,0.84175,0.45485
TimeBlind,319,0.84771,0.44319
TimeBlind,320,0.59863,0.48111
TimeBlind,321,0.60362,0.47944
TimeBlind,322,0.75231,0.37485
TimeBlind,323,0.77298,0.35520
TimeBlind,324,0.63970,0.28096
TimeBlind,325,0.56328,0.24461
TimeBlind,326,0.67287,0.17065
TimeBlind,327,0.63042,0.31851
TimeBlind,328,0.56056,0.52687
TimeBlind,329,0.54866,0.60930
TimeBlind,330,0.64444,0.38801
TimeBlind,331,0.65844,0.37215
TimeBlind,332,0.73938,0.25815
TimeBlind,333,0.74508,0.22118
TimeBlind,334,0.64953,0.37253
TimeBlind,335,0.49554,0.29716
TimeBlind,336,0.47960,0.24908
TimeBlind,337,0.40126,0.30269
TimeBlind,338,0.41177,0.22098
TimeBlind,339,0.52629,0.65482
TimeBlind,340,0.53448,0.60449
TimeBlind,341,0.72709,0.09712
TimeBlind,342,0.60132,0.12621
TimeBlind,343,0.49461,0.25979
TimeBlind,344,0.48777,0.27165
TimeBlind,345,0.82226,0.14691
TimeBlind,346,0.76108,0.33959
TimeBlind,347,0.79857,0.22009
TimeBlind,348,0.81001,0.25150
TimeBlind,349,0.81323,0.20884
TimeBlind,350,0.80515,0.18722
TimeBlind,351,0.53465,0.41120
TimeBlind,352,0.52721,0.40189
TimeBlind,353,0.76290,0.34225
TimeBlind,354,0.74180,0.31537
TimeBlind,355,0.87800,0.60203
TimeBlind,356,0.84276,0.68381
TimeBlind,357,0.89710,0.46678
TimeBlind,358,0.75397,0.50355
TimeBlind,359,0.84793,0.32308
TimeBlind,360,0.97532,0.19138
TimeBlind,361,0.82490,0.46979
TimeBlind,362,0.74163,0.32993
TimeBlind,363,0.72002,0.20707
TimeBlind,364,0.72830,0.24731
TimeBlind,365,0.76706,0.31987
TimeBlind,366,0.72150,0.30460
TimeBlind,367,0.79015,0.40117
TimeBlind,368,0.72307,0.23864
TimeBlind,369,0.76794,0.40799
TimeBlind,370,0.77544,0.40585
TimeBlind,371,0.82842,0.27203
TimeBlind,372,0.75671,0.37512
TimeBlind,373,0.73742,0.33774
TimeBlind,374,0.73182,0.34139
TimeBlind,375,0.70778,0.27980
TimeBlind,376,0.65699,0.23254
TimeBlind,377,0.64823,0.48963
TimeBlind,378,0.73143,0.35947
TimeBlind,379,0.58367,0.00000
TimeBlind,380,0.56929,0.03124
TimeBlind,381,0.63680,0.48193
TimeBlind,382,0.58801,0.42368
TimeBlind,383,0.40277,0.57571
TimeBlind,384,0.41293,0.56841
TimeBlind,385,0.53713,0.54539
TimeBlind,386,0.70373,0.68163
TimeBlind,387,0.70575,0.51248
TimeBlind,388,0.55374,0.58519
TimeBlind,389,0.57290,0.59760
TimeBlind,390,0.78951,0.52704
TimeBlind,391,0.73758,0.41536
TimeBlind,392,0.73164,0.42535
TimeBlind,393,0.71635,0.23687
TimeBlind,394,0.62949,0.36741
TimeBlind,395,0.63949,0.26088
TimeBlind,396,0.62374,0.40588
TimeBlind,397,0.62009,0.41475
TimeBlind,398,0.60908,0.34859
TimeBlind,399,0.70238,0.60346
TimeBlind,400,0.70637,0.57847
TimeBlind,401,0.84657,0.37403
TimeBlind,402,0.85021,0.43275
TimeBlind,403,0.79812,0.37853
TimeBlind,404,0.76228,0.43603
TimeBlind,405,0.68015,0.43841
TimeBlind,406,0.68450,0.41935
TimeBlind,407,0.44313,0.44762
TimeBlind,408,0.68550,0.52377
TimeBlind,409,0.62149,0.32281
TimeBlind,410,0.61360,0.28748
TimeBlind,411,0.73443,0.49741
TimeBlind,412,0.72257,0.44820
TimeBlind,413,0.56495,0.45076
TimeBlind,414,0.57259,0.41591
TimeBlind,415,0.73419,0.52206
TimeBlind,416,0.75396,0.59415
TimeBlind,417,0.74957,0.77425
TimeBlind,418,0.76631,0.82093
TimeBlind,419,0.69741,0.58921
TimeBlind,420,0.71521,0.61144
TimeBlind,421,0.70213,0.41311
TimeBlind,422,0.63905,0.22923
TimeBlind,423,0.69064,0.41580
TimeBlind,424,0.76677,0.31517
TimeBlind,425,0.81486,0.39940
TimeBlind,426,0.81369,0.44012
TimeBlind,427,0.61185,0.47702
TimeBlind,428,0.66466,0.42832
TimeBlind,429,0.78525,0.69660
TimeBlind,430,0.74814,0.41918
TimeBlind,431,0.65713,0.36533
TimeBlind,432,0.60950,0.24291
TimeBlind,433,0.76603,0.36813
TimeBlind,434,0.80038,0.40458
TimeBlind,435,0.62982,0.14899
TimeBlind,436,0.63421,0.14602
TimeBlind,437,0.71432,0.40230
TimeBlind,438,0.70865,0.48875
TimeBlind,439,0.65713,0.13750
TimeBlind,440,0.55731,0.17331
TimeBlind,441,0.60560,0.32359
TimeBlind,442,0.68860,0.30555
TimeBlind,443,0.58038,0.36243
TimeBlind,444,0.59870,0.42920
TimeBlind,445,0.65622,0.20352
TimeBlind,446,0.63401,0.19329
TimeBlind,447,0.61699,0.10711
TimeBlind,448,0.66287,0.11840
TimeBlind,449,0.65003,0.36789
TimeBlind,450,0.57934,0.24666
TimeBlind,451,0.64784,0.30429
TimeBlind,452,0.58444,0.28598
TimeBlind,453,0.68693,0.23561
TimeBlind,454,0.63083,0.36516
TimeBlind,455,0.62752,0.47449
TimeBlind,456,0.64299,0.48646
TimeBlind,457,0.66188,0.21631
TimeBlind,458,0.68817,0.34112
TimeBlind,459,0.68519,0.35687
TimeBlind,460,0.58356,0.56568
TimeBlind,461,0.68258,0.21887
TimeBlind,462,0.65923,0.27281
TimeBlind,463,0.68006,0.26749
TimeBlind,464,0.68136,0.30733
TimeBlind,465,0.64086,0.43926
TimeBlind,466,0.76392,0.26872
TimeBlind,467,0.59027,0.32704
TimeBlind,468,0.53055,0.51023
TimeBlind,469,0.78114,0.10360
TimeBlind,470,0.49360,0.31166
TimeBlind,471,0.65754,0.20318
TimeBlind,472,0.61084,0.26770
TimeBlind,473,0.66253,0.24413
TimeBlind,474,0.65540,0.37754
TimeBlind,475,0.61847,0.43125
TimeBlind,476,0.47508,0.61509
TimeBlind,477,0.66398,0.16307
TimeBlind,478,0.63464,0.24240
TimeBlind,479,0.68396,0.21167
TimeBlind,480,0.46953,0.45727
TimeBlind,481,0.61176,0.27009
TimeBlind,482,0.50464,0.41362
TimeBlind,483,0.67611,0.32414
TimeBlind,484,0.71533,0.24465
TimeBlind,485,0.62207,0.40820
TimeBlind,486,0.63161,0.42129
TimeBlind,487,0.64206,0.30958
TimeBlind,488,0.64886,0.31670
TimeBlind,489,0.69818,0.22835
TimeBlind,490,0.68911,0.24393
TimeBlind,491,0.72894,0.24226
TimeBlind,492,0.57970,0.19881
TimeBlind,493,0.52900,0.40629
TimeBlind,494,0.57367,0.17078
TimeBlind,495,0.50006,0.56527
TimeBlind,496,0.69376,0.11363
TimeBlind,497,0.66785,0.12017
TimeBlind,498,0.60824,0.25856
TimeBlind,499,0.59699,0.19213
TimeBlind,500,0.30404,0.47678
TimeBlind,501,0.29335,0.45055
TimeBlind,502,0.35078,0.23206
TimeBlind,503,0.34670,0.23155
TimeBlind,504,0.44401,0.40544
TimeBlind,505,0.45856,0.43589
TimeBlind,506,0.55494,0.32069
TimeBlind,507,0.53347,0.14701
TimeBlind,508,0.56673,0.20277
TimeBlind,509,0.58008,0.36209
TimeBlind,510,0.68125,0.27367
TimeBlind,511,0.60398,0.30320
TimeBlind,512,0.67125,0.38399
TimeBlind,513,0.67248,0.38129
TimeBlind,514,0.62770,0.21136
TimeBlind,515,0.63223,0.19609
TimeBlind,516,0.57615,0.40264
TimeBlind,517,0.60026,0.41669
TimeBlind,518,0.73073,0.35023
TimeBlind,519,0.71642,0.38180
TimeBlind,520,0.54127,0.32015
TimeBlind,521,0.55793,0.50399
TimeBlind,522,0.77179,0.21713
TimeBlind,523,0.77579,0.24662
TimeBlind,524,0.73867,0.57891
TimeBlind,525,0.73285,0.57956
TimeBlind,526,0.70691,0.35953
TimeBlind,527,0.70855,0.31449
TimeBlind,528,0.81537,0.51732
TimeBlind,529,0.77890,0.59415
TimeBlind,530,0.55550,0.16799
TimeBlind,531,0.56388,0.10336
TimeBlind,532,0.57702,0.29065
TimeBlind,533,0.57677,0.37260
TimeBlind,534,0.58700,0.38269
TimeBlind,535,0.58801,0.28502
TimeBlind,536,0.50777,0.37798
TimeBlind,537,0.52013,0.37491
TimeBlind,538,0.68735,0.21116
TimeBlind,539,0.68677,0.19431
TimeBlind,540,0.66614,0.36547
TimeBlind,541,0.65895,0.38184
TimeBlind,542,0.56232,0.34941
TimeBlind,543,0.55755,0.32738
TimeBlind,544,0.82213,0.54505
TimeBlind,545,0.82355,0.54808
TimeBlind,546,0.77535,0.38562
TimeBlind,547,0.70740,0.51057
TimeBlind,548,0.53884,0.23066
TimeBlind,549,0.53979,0.41386
TimeBlind,550,0.46674,0.39892
TimeBlind,551,0.59294,0.29321
TimeBlind,552,0.74073,0.30794
TimeBlind,553,0.63963,0.47193
TimeBlind,554,0.60117,0.42099
TimeBlind,555,0.61062,0.39190
TimeBlind,556,0.65903,0.43248
TimeBlind,557,0.65882,0.42695
TimeBlind,558,0.64517,0.46696
TimeBlind,559,0.64343,0.46269
TimeBlind,560,0.78839,0.71344
TimeBlind,561,0.76270,0.75157
TimeBlind,562,0.62234,0.24008
TimeBlind,563,0.60078,0.22609
TimeBlind,564,0.89462,0.47241
TimeBlind,565,0.85201,0.61970
TimeBlind,566,0.54468,0.46757
TimeBlind,567,0.55287,0.21361
TimeBlind,568,0.61319,0.25887
TimeBlind,569,0.60412,0.25228
TimeBlind,570,0.55164,0.13197
TimeBlind,571,0.57221,0.10367
TimeBlind,572,0.71804,0.22234
TimeBlind,573,0.65190,0.23578
TimeBlind,574,0.65095,0.24772
TimeBlind,575,0.68497,0.26395
TimeBlind,576,0.67270,0.45560
TimeBlind,577,0.79474,0.32049
TimeBlind,578,0.78734,0.36226
TimeBlind,579,0.64598,0.47852
TimeBlind,580,0.62944,0.47299
TimeBlind,581,0.46506,0.30582
TimeBlind,582,0.44735,0.33201
TimeBlind,583,0.30712,0.60640
TimeBlind,584,0.31626,0.63852
TimeBlind,585,0.35539,0.80477
TimeBlind,586,0.35258,0.80951
TimeBlind,587,0.20018,0.68435
TimeBlind,588,0.17927,0.71996
TimeBlind,589,0.16728,0.66304
TimeBlind,590,0.17155,0.65632
TimeBlind,591,0.20927,0.81612
TimeBlind,592,0.20768,0.83491
TimeBlind,593,0.30497,0.77043
TimeBlind,594,0.30256,0.76115
TimeBlind,595,0.04369,0.62178
TimeBlind,596,0.06999,0.58467
TimeBlind,597,0.10363,0.59306
TimeBlind,598,0.11014,0.58679
TimeBlind,599,0.09941,0.64292
TimeBlind,600,0.08472,0.65527
TimeBlind,601,0.14178,0.73489
TimeBlind,602,0.14187,0.73926
TimeBlind,603,0.26242,0.74864
TimeBlind,604,0.27049,0.76030
TimeBlind,605,0.40565,0.88371
TimeBlind,606,0.40134,0.88651
TimeBlind,607,0.04356,0.68701
TimeBlind,608,0.04683,0.67576
TimeBlind,609,0.20774,0.77909
TimeBlind,610,0.21753,0.77871
TimeBlind,611,0.27205,0.85070
TimeBlind,612,0.26961,0.85800
TimeBlind,613,0.18308,0.82373
TimeBlind,614,0.19064,0.80173
TimeBlind,615,0.00000,0.66584
TimeBlind,616,0.00682,0.66099
TimeBlind,617,0.40021,0.87931
TimeBlind,618,0.40477,0.87491
TimeBlind,619,0.31668,0.62188
TimeBlind,620,0.30553,0.61959
TimeBlind,621,0.09639,0.86458
TimeBlind,622,0.09773,0.84647
TimeBlind,623,0.11084,0.69636
TimeBlind,624,0.12464,0.71102
TimeBlind,625,0.23665,0.68684
TimeBlind,626,0.23390,0.69472
TimeBlind,627,0.25846,0.74656
TimeBlind,628,0.25319,0.76170
TimeBlind,629,0.27059,0.81974
TimeBlind,630,0.25551,0.80692
TimeBlind,631,0.20269,0.74673
TimeBlind,632,0.22287,0.70884
TimeBlind,633,0.14004,0.62577
TimeBlind,634,0.13726,0.62304
TimeBlind,635,0.42639,0.84681
TimeBlind,636,0.41919,0.84020
TimeBlind,637,0.43644,0.79518
TimeBlind,638,0.43775,0.79955
TimeBlind,639,0.27629,0.75788
TimeBlind,640,0.28029,0.75600
TimeBlind,641,0.16901,0.63702
TimeBlind,642,0.16968,0.63641
TimeBlind,643,0.02608,0.68637
TimeBlind,644,0.02957,0.68357
TimeBlind,645,0.39577,0.90793
TimeBlind,646,0.39293,0.90772
TimeBlind,647,0.45775,0.84027
TimeBlind,648,0.45879,0.84020
TimeBlind,649,0.24314,0.76661
TimeBlind,650,0.23801,0.78076
TimeBlind,651,0.12265,0.71259
TimeBlind,652,0.12113,0.70666
TimeBlind,653,0.12954,0.73428
TimeBlind,654,0.13014,0.73060
TimeBlind,655,0.13225,0.71187
TimeBlind,656,0.13664,0.69943
TimeBlind,657,0.33683,0.90110
TimeBlind,658,0.33963,0.90220
TimeBlind,659,0.26512,0.72968
TimeBlind,660,0.27541,0.70884
TimeBlind,661,0.22556,0.71621
TimeBlind,662,0.22737,0.71075
TimeBlind,663,0.38404,0.93872
TimeBlind,664,0.37837,0.94390
TimeBlind,665,0.30027,0.79287
TimeBlind,666,0.30212,0.78598
TimeBlind,667,0.16791,0.58321
TimeBlind,668,0.16954,0.60159
TimeBlind,669,0.32277,0.77650
TimeBlind,670,0.33392,0.75863
TimeBlind,671,0.37440,0.84702
TimeBlind,672,0.37514,0.85248
TimeBlind,673,0.10025,0.78475
TimeBlind,674,0.09606,0.78894
TimeBlind,675,0.27991,0.73182
TimeBlind,676,0.27148,0.72596
TimeBlind,677,0.21126,0.59248
TimeBlind,678,0.21294,0.58314
TimeBlind,679,0.09385,0.71931
TimeBlind,680,0.09002,0.73517
TimeBlind,681,0.17769,0.77929
TimeBlind,682,0.17487,0.77940
TimeBlind,683,0.10928,0.64108
TimeBlind,684,0.10637,0.64282
TimeBlind,685,0.22220,0.60913
TimeBlind,686,0.22047,0.61581
TimeBlind,687,0.34688,0.81698
TimeBlind,688,0.34615,0.80548
TimeBlind,689,0.08183,0.80443
TimeBlind,690,0.07959,0.82202
TimeBlind,691,0.40858,0.86189
TimeBlind,692,0.40615,0.86564
TimeBlind,693,0.22539,0.85364
TimeBlind,694,0.22642,0.85009
TimeBlind,695,0.29516,0.92341
TimeBlind,696,0.29098,0.90281
TimeBlind,697,0.29988,0.88180
TimeBlind,698,0.30567,0.87744
TimeBlind,699,0.28733,0.87147
TimeBlind,700,0.28493,0.87294
TimeBlind,701,0.40611,0.81964
TimeBlind,702,0.43290,0.80323
TimeBlind,703,0.24902,0.69701
TimeBlind,704,0.25099,0.71832
TimeBlind,705,0.39953,0.76940
TimeBlind,706,0.41510,0.77445
TimeBlind,707,0.29319,0.77998
TimeBlind,708,0.29502,0.79218
TimeBlind,709,0.22475,0.69343
TimeBlind,710,0.22561,0.69370
TimeBlind,711,0.19468,0.66116
TimeBlind,712,0.18866,0.65912
TimeBlind,713,0.42186,0.72030
TimeBlind,714,0.42074,0.71331
TimeBlind,715,0.27366,0.77513
TimeBlind,716,0.27743,0.77183
TimeBlind,717,0.14371,0.69274
TimeBlind,718,0.14556,0.66492
TimeBlind,719,0.36009,0.89592
TimeBlind,720,0.36872,0.89169
TimeBlind,721,0.31640,0.67140
TimeBlind,722,0.33297,0.67508
TimeBlind,723,0.42491,0.65830
TimeBlind,724,0.42645,0.65257
TimeBlind,725,0.38829,0.87843
TimeBlind,726,0.38994,0.87348
TimeBlind,727,0.20258,0.61554
TimeBlind,728,0.21243,0.61574
TimeBlind,729,0.25105,0.83147
TimeBlind,730,0.25306,0.81803
TimeBlind,731,0.21115,0.76818
TimeBlind,732,0.21275,0.76292
TimeBlind,733,0.14993,0.61097
TimeBlind,734,0.15970,0.62120
TimeBlind,735,0.25558,0.86318
TimeBlind,736,0.26108,0.85050
TimeBlind,737,0.27073,0.89817
TimeBlind,738,0.26905,0.90353
TimeBlind,739,0.11643,0.79263
TimeBlind,740,0.11357,0.80453
TimeBlind,741,0.12528,0.68531
TimeBlind,742,0.11791,0.63968
TimeBlind,743,0.34733,0.88255
TimeBlind,744,0.34059,0.89565
TimeBlind,745,0.12493,0.94605
TimeBlind,746,0.12960,0.93541
TimeBlind,747,0.15246,0.69366
TimeBlind,748,0.15649,0.67938
TimeBlind,749,0.28322,0.68251
TimeBlind,750,0.28171,0.69220
TimeBlind,751,0.14433,0.70734
TimeBlind,752,0.14349,0.70550
TimeBlind,753,0.18441,0.69499
TimeBlind,754,0.18222,0.69649
TimeBlind,755,0.34884,0.76630
TimeBlind,756,0.34991,0.75931
TimeBlind,757,0.18058,0.86346
TimeBlind,758,0.18039,0.85572
TimeBlind,759,0.16253,0.80187
TimeBlind,760,0.17150,0.81118
TimeBlind,761,0.28258,0.65243
TimeBlind,762,0.28495,0.64377
TimeBlind,763,0.32880,0.62079
TimeBlind,764,0.33258,0.62236
TimeBlind,765,0.40369,0.77895
TimeBlind,766,0.41272,0.76504
TimeBlind,767,0.27942,0.80238
TimeBlind,768,0.27495,0.78877
TimeBlind,769,0.22624,0.71406
TimeBlind,770,0.23247,0.68258
TimeBlind,771,0.33229,0.88661
TimeBlind,772,0.33686,0.87560
TimeBlind,773,0.29458,0.74219
TimeBlind,774,0.29879,0.75402
TimeBlind,775,0.24885,0.71668
TimeBlind,776,0.24823,0.71593
TimeBlind,777,0.26290,0.70202
TimeBlind,778,0.26407,0.70304
TimeBlind,779,0.21871,0.72166
TimeBlind,780,0.22466,0.71893
TimeBlind,781,0.12904,0.89855
TimeBlind,782,0.12883,0.89122
TimeBlind,783,0.31073,0.82789
TimeBlind,784,0.32171,0.81278
TimeBlind,785,0.36084,0.64268
TimeBlind,786,0.35391,0.64800
TimeBlind,787,0.42392,0.85964
TimeBlind,788,0.42408,0.86489
TimeBlind,789,0.22494,0.89654
TimeBlind,790,0.22044,0.89579
TimeBlind,791,0.37845,0.86639
TimeBlind,792,0.38044,0.86513
TimeBlind,793,0.18553,0.88873
TimeBlind,794,0.18704,0.88692
TimeBlind,795,0.25876,0.90243
TimeBlind,796,0.25055,0.91856
TimeBlind,797,0.49631,0.78298
TimeBlind,798,0.49220,0.78233
TimeBlind,799,0.38770,0.80937
TimeBlind,800,0.38418,0.81462
TimeBlind,801,0.22760,0.74083
TimeBlind,802,0.21997,0.75481
TimeBlind,803,0.17635,0.75017
TimeBlind,804,0.16979,0.75740
TimeBlind,805,0.35643,0.78137
TimeBlind,806,0.34682,0.79883
TimeBlind,807,0.37123,0.94360
TimeBlind,808,0.38410,0.92893
TimeBlind,809,0.29854,0.64875
TimeBlind,810,0.29991,0.65908
TimeBlind,811,0.32980,0.83815
TimeBlind,812,0.32459,0.84774
TimeBlind,813,0.19978,0.68026
TimeBlind,814,0.20364,0.68705
TimeBlind,815,0.20434,0.72228
TimeBlind,816,0.21252,0.72132
TimeBlind,817,0.19076,0.56421
TimeBlind,818,0.19288,0.56892
TimeBlind,819,0.34357,0.77172
TimeBlind,820,0.35282,0.75760
TimeBlind,821,0.05254,0.58427
TimeBlind,822,0.06933,0.59624
TimeBlind,823,0.23987,0.66314
TimeBlind,824,0.23948,0.66587
TimeBlind,825,0.01055,0.76814
TimeBlind,826,0.00412,0.76565
TimeBlind,827,0.40868,0.83781
TimeBlind,828,0.40326,0.83311
TimeBlind,829,0.32255,0.82042
TimeBlind,830,0.31462,0.81769
TimeBlind,831,0.15702,0.64418
TimeBlind,832,0.15660,0.64313
TimeBlind,833,0.12844,0.66679
TimeBlind,834,0.12877,0.66856
TimeBlind,835,0.10411,0.63231
TimeBlind,836,0.10219,0.63422
TimeBlind,837,0.14746,0.61871
TimeBlind,838,0.14795,0.57659
TimeBlind,839,0.40568,0.69196
TimeBlind,840,0.40857,0.68463
TimeBlind,841,0.27732,0.57448
TimeBlind,842,0.27651,0.57066
TimeBlind,843,0.13365,0.69861
TimeBlind,844,0.13480,0.67965
TimeBlind,845,0.13020,0.78011
TimeBlind,846,0.13754,0.74833
TimeBlind,847,0.13346,0.95233
TimeBlind,848,0.13087,0.94019
TimeBlind,849,0.12451,0.96627
TimeBlind,850,0.12507,0.95615
TimeBlind,851,0.43245,0.75812
TimeBlind,852,0.43549,0.76920
TimeBlind,853,0.32836,0.64064
TimeBlind,854,0.34357,0.63856
TimeBlind,855,0.22275,0.61929
TimeBlind,856,0.22638,0.60176
TimeBlind,857,0.34620,0.75651
TimeBlind,858,0.34798,0.74461
TimeBlind,859,0.22852,0.68258
TimeBlind,860,0.22565,0.67965
TimeBlind,861,0.15357,0.73939
TimeBlind,862,0.14342,0.74492
TimeBlind,863,0.23214,0.74032
TimeBlind,864,0.23833,0.72132
TimeBlind,865,0.19074,0.85316
TimeBlind,866,0.18697,0.87035
TimeBlind,867,0.15875,0.78079
TimeBlind,868,0.16072,0.79062
TimeBlind,869,0.20862,0.70250
TimeBlind,870,0.20389,0.72644
TimeBlind,871,0.20163,0.61390
TimeBlind,872,0.19415,0.65755
TimeBlind,873,0.24407,0.66246
TimeBlind,874,0.23270,0.68718
TimeBlind,875,0.15670,0.79989
TimeBlind,876,0.16257,0.79914
TimeBlind,877,0.17987,0.83502
TimeBlind,878,0.17734,0.84184
TimeBlind,879,0.11333,0.70707
TimeBlind,880,0.11597,0.71232
TimeBlind,881,0.10190,0.68974
TimeBlind,882,0.09888,0.68388
TimeBlind,883,0.32755,0.90431
TimeBlind,884,0.32615,0.89694
TimeBlind,885,0.21227,0.86775
TimeBlind,886,0.21815,0.86339
TimeBlind,887,0.20283,0.73871
TimeBlind,888,0.19447,0.71743
TimeBlind,889,0.21604,0.72930
TimeBlind,890,0.22577,0.68623
TimeBlind,891,0.24603,0.74427
TimeBlind,892,0.24575,0.75317
TimeBlind,893,0.18531,0.89851
TimeBlind,894,0.18497,0.87846
TimeBlind,895,0.08401,0.89176
TimeBlind,896,0.08387,0.89388
TimeBlind,897,0.20308,0.84763
TimeBlind,898,0.19962,0.84040
TimeBlind,899,0.07685,0.68060
TimeBlind,900,0.07705,0.68456
TimeBlind,901,0.44091,0.79027
TimeBlind,902,0.44280,0.78864
TimeBlind,903,0.33268,0.86680
TimeBlind,904,0.33678,0.86373
TimeBlind,905,0.39936,0.75645
TimeBlind,906,0.38596,0.78925
TimeBlind,907,0.19941,0.75829
TimeBlind,908,0.21000,0.74117
TimeBlind,909,0.19389,0.67324
TimeBlind,910,0.19895,0.67607
TimeBlind,911,0.20571,0.82288
TimeBlind,912,0.20426,0.84074
TimeBlind,913,0.30330,0.67392
TimeBlind,914,0.30541,0.67249
TimeBlind,915,0.17860,0.73892
TimeBlind,916,0.18842,0.70966
TimeBlind,917,0.14503,0.74328
TimeBlind,918,0.16676,0.69622
TimeBlind,919,0.16867,0.62406
TimeBlind,920,0.17189,0.64118
TimeBlind,921,0.11299,0.77240
TimeBlind,922,0.10950,0.73905
TimeBlind,923,0.15688,0.93173
TimeBlind,924,0.15249,0.92491
TimeBlind,925,0.17392,0.77977
TimeBlind,926,0.16863,0.76494
TimeBlind,927,0.14520,0.68036
TimeBlind,928,0.14422,0.68292
TimeBlind,929,0.36003,0.66226
TimeBlind,930,0.32540,0.64425
TimeBlind,931,0.28349,0.80248
TimeBlind,932,0.29383,0.79068
TimeBlind,933,0.27444,0.68527
TimeBlind,934,0.27122,0.69956
TimeBlind,935,0.13731,0.89145
TimeBlind,936,0.13777,0.89606
TimeBlind,937,0.21994,0.84497
TimeBlind,938,0.22110,0.82325
TimeBlind,939,0.46428,1.00000
TimeBlind,940,0.47284,0.99345
TimeBlind,941,0.19978,0.82393
TimeBlind,942,0.20586,0.83628
TimeBlind,943,0.25893,0.70734
TimeBlind,944,0.25204,0.71996
TimeBlind,945,0.25379,0.76422
TimeBlind,946,0.22729,0.72661
TimeBlind,947,0.40148,0.69724
TimeBlind,948,0.40761,0.70195
TimeBlind,949,0.20082,0.84501
TimeBlind,950,0.20292,0.83976
TimeBlind,951,0.50366,0.96692
TimeBlind,952,0.50159,0.96385
TimeBlind,953,0.46999,0.91059
TimeBlind,954,0.46498,0.91481
TimeBlind,955,0.31520,0.82431
TimeBlind,956,0.30372,0.83740
TimeBlind,957,0.25669,0.84047
TimeBlind,958,0.25967,0.84177
TimeBlind,959,0.36002,0.68360
TimeBlind,960,0.33527,0.71515
TimeBlind,961,0.19689,0.89544
TimeBlind,962,0.19482,0.89991
TimeBlind,963,0.36385,0.71511
TimeBlind,964,0.36429,0.67058
TimeBlind,965,0.15238,0.78308
TimeBlind,966,0.15934,0.77534
TimeBlind,967,0.08855,0.69806
TimeBlind,968,0.08725,0.70857
TimeBlind,969,0.30603,0.85824
TimeBlind,970,0.28473,0.87682
TimeBlind,971,0.30553,0.78952
TimeBlind,972,0.29544,0.77077
TimeBlind,973,0.24691,0.80501
TimeBlind,974,0.23847,0.83208
TimeBlind,975,0.23992,0.84402
TimeBlind,976,0.24277,0.82298
TimeBlind,977,0.27917,0.82315
TimeBlind,978,0.27235,0.80115
TimeBlind,979,0.17285,0.73742
TimeBlind,980,0.17503,0.73407
TimeBlind,981,0.19059,0.68435
TimeBlind,982,0.19391,0.69070
TimeBlind,983,0.22456,0.91059
TimeBlind,984,0.23493,0.87989
TimeBlind,985,0.32998,0.80821
TimeBlind,986,0.33084,0.81016
TimeBlind,987,0.30205,0.84279
TimeBlind,988,0.30325,0.83358
TimeBlind,989,0.21343,0.82963
TimeBlind,990,0.21193,0.83822
TimeBlind,991,0.30170,0.70045
TimeBlind,992,0.30186,0.66949
TimeBlind,993,0.19862,0.81002
TimeBlind,994,0.19875,0.81074
TimeBlind,995,0.30191,0.87191
TimeBlind,996,0.30639,0.86905
TimeBlind,997,0.15245,0.75951
TimeBlind,998,0.15646,0.75372
TimeBlind,999,0.37654,0.89057
TimeBlind,1000,0.37355,0.91914
TimeBlind,1001,0.43962,0.95805
TimeBlind,1002,0.44481,0.95949
TimeBlind,1003,0.45375,0.88641
TimeBlind,1004,0.45297,0.88856
TimeBlind,1005,0.18526,0.66519
TimeBlind,1006,0.18919,0.67242
TimeBlind,1007,0.16429,0.73462
TimeBlind,1008,0.16304,0.74253
TimeBlind,1009,0.21727,0.69281
TimeBlind,1010,0.22187,0.65806
TimeBlind,1011,0.20786,0.81957
TimeBlind,1012,0.19171,0.81138
TimeBlind,1013,0.27372,0.94435
TimeBlind,1014,0.27714,0.95563
TimeBlind,1015,0.22547,0.67747
TimeBlind,1016,0.22844,0.67794
TimeBlind,1017,0.20395,0.86380
TimeBlind,1018,0.20565,0.86001
TimeBlind,1019,0.21259,0.72500
TimeBlind,1020,0.21053,0.72708
TimeBlind,1021,0.28185,0.96051
TimeBlind,1022,0.28068,0.95867
TimeBlind,1023,0.34734,0.72684
TimeBlind,1024,0.34065,0.73118
TimeBlind,1025,0.30038,0.68582
TimeBlind,1026,0.30228,0.69803
TimeBlind,1027,0.30479,0.79174
TimeBlind,1028,0.30771,0.79662
TimeBlind,1029,0.24490,0.76572
TimeBlind,1030,0.24175,0.76084
TimeBlind,1031,0.10876,0.67423
TimeBlind,1032,0.11506,0.66103
TimeBlind,1033,0.28365,0.63000
TimeBlind,1034,0.26525,0.58866
TimeBlind,1035,0.32712,0.69329
TimeBlind,1036,0.32028,0.69387
TimeBlind,1037,0.20361,0.70625
TimeBlind,1038,0.20887,0.70843
TimeBlind,1039,0.22553,0.77936
TimeBlind,1040,0.22532,0.78632
TimeBlind,1041,0.19920,0.69397
TimeBlind,1042,0.19166,0.70256
TimeBlind,1043,0.31943,0.69302
TimeBlind,1044,0.31550,0.68582
TimeBlind,1045,0.24940,0.66853
TimeBlind,1046,0.24535,0.67931
TimeBlind,1047,0.32709,0.48503
TimeBlind,1048,0.30477,0.46082
TimeBlind,1049,0.22919,0.69165
TimeBlind,1050,0.24140,0.65540
TimeBlind,1051,0.33905,0.63395
TimeBlind,1052,0.34418,0.65387
TimeBlind,1053,0.29499,0.60220
TimeBlind,1054,0.26259,0.62457
TimeBlind,1055,0.15361,0.68899
TimeBlind,1056,0.15136,0.68565
TimeBlind,1057,0.27344,0.71402
TimeBlind,1058,0.26653,0.72800
TimeBlind,1059,0.27197,0.64374
TimeBlind,1060,0.27193,0.62212
TimeBlind,1061,0.23799,0.67003
TimeBlind,1062,0.26125,0.67010
TimeBlind,1063,0.22066,0.71832
TimeBlind,1064,0.21872,0.69274
TimeBlind,1065,0.33583,0.67501
TimeBlind,1066,0.34755,0.57294
TimeBlind,1067,0.18965,0.54051
TimeBlind,1068,0.18213,0.53669
TimeBlind,1069,0.31077,0.61724
TimeBlind,1070,0.31460,0.64841
TimeBlind,1071,0.27788,0.65748
TimeBlind,1072,0.25458,0.67556
TimeBlind,1073,0.34420,0.50372
TimeBlind,1074,0.32875,0.55388
TimeBlind,1075,0.22809,0.71866
TimeBlind,1076,0.22282,0.72940
TimeBlind,1077,0.32385,0.70509
TimeBlind,1078,0.32210,0.71423
TimeBlind,1079,0.30262,0.76354
TimeBlind,1080,0.30312,0.76061
TimeBlind,1081,0.21099,0.74751
TimeBlind,1082,0.20936,0.75065
TimeBlind,1083,0.38245,0.73571
TimeBlind,1084,0.37636,0.72333
TimeBlind,1085,0.22363,0.62202
TimeBlind,1086,0.23528,0.59859
TimeBlind,1087,0.31858,0.73851
TimeBlind,1088,0.31510,0.68667
TimeBlind,1089,0.28887,0.71450
TimeBlind,1090,0.28889,0.70246
TimeBlind,1091,0.18564,0.65428
TimeBlind,1092,0.16602,0.65261
TimeBlind,1093,0.19746,0.53110
TimeBlind,1094,0.19428,0.52435
TimeBlind,1095,0.06760,0.65632
TimeBlind,1096,0.06081,0.65063
TimeBlind,1097,0.13592,0.69622
TimeBlind,1098,0.13463,0.67641
TimeBlind,1099,0.13246,0.69912
TimeBlind,1100,0.12753,0.70369
TimeBlind,1101,0.15267,0.66608
TimeBlind,1102,0.14044,0.67545
TimeBlind,1103,0.18127,0.67065
TimeBlind,1104,0.19601,0.65844
TimeBlind,1105,0.27190,0.59098
TimeBlind,1106,0.28613,0.57414
TimeBlind,1107,0.25709,0.65748
TimeBlind,1108,0.25774,0.64923
TimeBlind,1109,0.23498,0.65868
TimeBlind,1110,0.23774,0.66458
TimeBlind,1111,0.32177,0.78025
TimeBlind,1112,0.33309,0.76333
TimeBlind,1113,0.20081,0.88644
TimeBlind,1114,0.20672,0.86417
TimeBlind,1115,0.20662,0.76913
TimeBlind,1116,0.19833,0.79689
TimeBlind,1117,0.30077,0.84306
TimeBlind,1118,0.30818,0.83338
TimeBlind,1119,0.37768,0.82625
TimeBlind,1120,0.36912,0.82983
TimeBlind,1121,0.26519,0.77046
TimeBlind,1122,0.27238,0.76596
TimeBlind,1123,0.32641,0.73210
TimeBlind,1124,0.34368,0.73196
TimeBlind,1125,0.28688,0.73332
TimeBlind,1126,0.28235,0.72630
TimeBlind,1127,0.28286,0.64606
TimeBlind,1128,0.28357,0.64930
TimeBlind,1129,0.29538,0.63798
TimeBlind,1130,0.29340,0.63671
TimeBlind,1131,0.23124,0.84913
TimeBlind,1132,0.22681,0.85855
TimeBlind,1133,0.21523,0.73377
TimeBlind,1134,0.21854,0.74874
TimeBlind,1135,0.12015,0.83556
TimeBlind,1136,0.11652,0.84300
TimeBlind,1137,0.13544,0.72845
TimeBlind,1138,0.13077,0.72459
TimeBlind,1139,0.37323,0.79999
TimeBlind,1140,0.37771,0.79068
TimeBlind,1141,0.28881,0.74301
TimeBlind,1142,0.30293,0.73684
TimeBlind,1143,0.16936,0.66734
TimeBlind,1144,0.17010,0.66771
TimeBlind,1145,0.21050,0.62757
TimeBlind,1146,0.20554,0.61983
TimeBlind,1147,0.28761,0.64592
TimeBlind,1148,0.29306,0.66778
TimeBlind,1149,0.23809,0.64139
TimeBlind,1150,0.24324,0.63600
TimeBlind,1151,0.30666,0.73073
TimeBlind,1152,0.30731,0.72715
TimeBlind,1153,0.17051,0.77503
TimeBlind,1154,0.16809,0.77953
TimeBlind,1155,0.31970,0.76456
TimeBlind,1156,0.31126,0.77933
TimeBlind,1157,0.35789,0.72282
TimeBlind,1158,0.35114,0.73326
TimeBlind,1159,0.15403,0.86789
TimeBlind,1160,0.15236,0.87038
TimeBlind,1161,0.40953,0.73779
TimeBlind,1162,0.41328,0.74246
TimeBlind,1163,0.31285,0.51917
TimeBlind,1164,0.31525,0.53458
TimeBlind,1165,0.13794,0.91171
TimeBlind,1166,0.14071,0.91031
TimeBlind,1167,0.20645,0.67631
TimeBlind,1168,0.21421,0.67112
TimeBlind,1169,0.20048,0.54651
TimeBlind,1170,0.20197,0.53867
TimeBlind,1171,0.35467,0.70771
TimeBlind,1172,0.35404,0.70911
TimeBlind,1173,0.37722,0.77377
TimeBlind,1174,0.37376,0.78093
TimeBlind,1175,0.44830,0.71129
TimeBlind,1176,0.44231,0.72023
TimeBlind,1177,0.31697,0.80282
TimeBlind,1178,0.31383,0.79529
TimeBlind,1179,0.30488,0.69503
TimeBlind,1180,0.30354,0.69261
MotionBlind,0,0.78065,0.56462
MotionBlind,1,0.75696,0.45236
MotionBlind,2,0.78528,0.73899
MotionBlind,3,0.76282,0.71794
MotionBlind,4,0.75368,0.63610
MotionBlind,5,0.73447,0.58972
MotionBlind,6,0.76360,0.65080
MotionBlind,7,0.76351,0.64101
MotionBlind,8,0.95198,0.64838
MotionBlind,9,0.93865,0.64435
MotionBlind,10,0.98085,0.73527
MotionBlind,11,1.00000,0.70458
MotionBlind,12,0.95329,0.73755
MotionBlind,13,0.96007,0.74124
MotionBlind,14,0.96805,0.76310
MotionBlind,15,0.97579,0.76306
MotionBlind,16,0.92663,0.72674
MotionBlind,17,0.93960,0.74134
MotionBlind,18,0.98342,0.74488
MotionBlind,19,0.99913,0.72753
MotionBlind,20,0.93415,0.60691
MotionBlind,21,0.93992,0.65922
MotionBlind,22,0.83971,0.47309
MotionBlind,23,0.83724,0.47562
MotionBlind,24,0.90480,0.77237
MotionBlind,25,0.91321,0.76688
MotionBlind,26,0.76434,0.70574
MotionBlind,27,0.76168,0.55978
MotionBlind,28,0.96839,0.67378
MotionBlind,29,0.98247,0.65172
MotionBlind,30,0.92419,0.76920
MotionBlind,31,0.94362,0.74373
MotionBlind,32,0.93719,0.82571
MotionBlind,33,0.95930,0.80801
MotionBlind,34,0.79285,0.47599
MotionBlind,35,0.79070,0.47193
MotionBlind,36,0.91034,0.71361
MotionBlind,37,0.92640,0.69285
MotionBlind,38,0.84246,0.45908
MotionBlind,39,0.84199,0.46665
MotionBlind,40,0.86290,0.33866
MotionBlind,41,0.82332,0.38088
MotionBlind,42,0.81864,0.29897
MotionBlind,43,0.89419,0.45840
MotionBlind,44,0.83061,0.50228
MotionBlind,45,0.82975,0.50604
MotionBlind,46,0.82585,0.45870
MotionBlind,47,0.82649,0.45966
MotionBlind,48,0.82098,0.44830
MotionBlind,49,0.82104,0.45444
MotionBlind,50,0.77894,0.51668
MotionBlind,51,0.78009,0.50604
MotionBlind,52,0.77401,0.47132
MotionBlind,53,0.80006,0.40741
MotionBlind,54,0.78219,0.57560
MotionBlind,55,0.78664,0.51473
MotionBlind,56,0.83850,0.49021
MotionBlind,57,0.81836,0.55784
MotionBlind,58,0.79530,0.34777
MotionBlind,59,0.79351,0.31790
MotionBlind,60,0.89054,0.53871
MotionBlind,61,0.88283,0.57390
MotionBlind,62,0.84991,0.41277
MotionBlind,63,0.85325,0.42378
MotionBlind,64,0.82958,0.43630
MotionBlind,65,0.79591,0.40434
MotionBlind,66,0.76672,0.42358
MotionBlind,67,0.75282,0.36301
MotionBlind,68,0.73969,0.42978
MotionBlind,69,0.73899,0.43040
MotionBlind,70,0.72800,0.22521
MotionBlind,71,0.73341,0.26705
MotionBlind,72,0.83851,0.45444
MotionBlind,73,0.82592,0.54638
MotionBlind,74,0.69185,0.61226
MotionBlind,75,0.71435,0.65844
MotionBlind,76,0.79537,0.40312
MotionBlind,77,0.79553,0.41192
