strategy,nframes,ablation,index,instance_id,video_path,question,gold,model_output,extracted,correct,frame_indices,f2c_scales,error,pred_file
hornet,16,none,0,0,videos/02_00_0.mp4,Does the person stir faster the first time compared to the second time?,yes,No,no,0,0 36 146 158 171 195 207 232 256 293 317 330 342 354 366 379,,,gpt_5_6_luna_mbhuman_hornet16.json
hornet,16,none,1,0,videos/02_00_1.mp4,Does the person stir faster the first time compared to the second time?,no,No,no,1,0 12 48 73 97 134 158 171 183 195 207 220 256 354 366 379,,,gpt_5_6_luna_mbhuman_hornet16.json
hornet,16,none,2,0,videos/02_00_0.mp4,Does the person stir slower the first time compared to the second time?,no,No,no,1,0 36 146 158 171 195 207 232 256 293 317 330 342 354 366 379,,,gpt_5_6_luna_mbhuman_hornet16.json
hornet,16,none,3,0,videos/02_00_1.mp4,Does the person stir slower the first time compared to the second time?,yes,No,no,0,0 12 48 73 97 134 158 171 183 195 207 220 256 354 366 379,,,gpt_5_6_luna_mbhuman_hornet16.json
hornet,16,none,4,1,videos/02_01_0.mp4,Does the drawer close faster the first time compared to the second time?,yes,No,no,0,24 30 36 42 48 102 108 114 120 126 132 138 144 150 156 162,,,gpt_5_6_luna_mbhuman_hornet16.json
hornet,16,none,5,1,videos/02_01_1.mp4,Does the drawer close faster the first time compared to the second time?,no,No,no,1,36 42 48 54 60 66 72 78 84 90 96 150 156 168 174 180,,,gpt_5_6_luna_mbhuman_hornet16.json
hornet,16,none,6,1,videos/02_01_0.mp4,Does the drawer close slower the first time compared to the second time?,no,Yes,yes,0,24 30 36 42 48 102 108 114 120 126 132 138 144 150 156 162,,,gpt_5_6_luna_mbhuman_hornet16.json
hornet,16,none,7,1,videos/02_01_1.mp4,Does the drawer close slower the first time compared to the second time?,yes,No,no,0,36 42 48 54 60 66 72 78 84 90 96 150 156 168 174 180,,,gpt_5_6_luna_mbhuman_hornet16.json
hornet,16,none,8,2,videos/02_02_0.mp4,Does the person open their hand faster the first time compared to the second time?,yes,No,no,0,56 60 64 71 75 79 83 86 90 94 98 101 105 109 113 117,,,gpt_5_6_luna_mbhuman_hornet16.json
hornet,16,none,9,2,videos/02_02_1.mp4,Does the person open their hand faster the first time compared to the second time?,no,No,no,1,26 33 37 41 45 49 52 56 60 64 67 71 75 79 83 86,,,gpt_5_6_luna_mbhuman_hornet16.json
hornet,16,none,10,2,videos/02_02_0.mp4,Does the person open their hand slower the first time compared to the second time?,no,Yes,yes,0,56 60 64 71 75 79 83 86 90 94 98 101 105 109 113 117,,,gpt_5_6_luna_mbhuman_hornet16.json
hornet,16,none,11,2,videos/02_02_1.mp4,Does the person open their hand slower the first time compared to the second time?,yes,No,no,0,26 33 37 41 45 49 52 56 60 64 67 71 75 79 83 86,,,gpt_5_6_luna_mbhuman_hornet16.json
hornet,16,none,12,3,videos/02_03_0.mp4,Does the person press the pillow faster the first time compared to the second time?,yes,Yes,yes,1,0 4 22 27 32 36 41 45 50 114 119 123 128 132 137 142,,,gpt_5_6_luna_mbhuman_hornet16.json
hornet,16,none,13,3,videos/02_03_1.mp4,Does the person press the pillow faster the first time compared to the second time?,no,No,no,1,50 59 64 68 73 77 82 87 91 114 119 123 128 132 137 142,,,gpt_5_6_luna_mbhuman_hornet16.json
hornet,16,none,14,3,videos/02_03_0.mp4,Does the person press the pillow slower the first time compared to the second time?,no,No,no,1,0 4 22 27 32 36 41 45 50 114 119 123 128 132 137 142,,,gpt_5_6_luna_mbhuman_hornet16.json
hornet,16,none,15,3,videos/02_03_1.mp4,Does the person press the pillow slower the first time compared to the second time?,yes,No,no,0,50 59 64 68 73 77 82 87 91 114 119 123 128 132 137 142,,,gpt_5_6_luna_mbhuman_hornet16.json
hornet,16,none,16,4,videos/02_04_0.mp4,"Once off the ramp, does the ball move faster the first time compared to the second time?",yes,No,no,0,0 2 5 7 10 13 15 18 21 23 50 52 55 58 60 63,,,gpt_5_6_luna_mbhuman_hornet16.json
hornet,16,none,17,4,videos/02_04_1.mp4,"Once off the ramp, does the ball move faster the first time compared to the second time?",no,Yes,yes,0,0 2 5 7 10 13 15 37 39 42 44 47 50 52 55 58,,,gpt_5_6_luna_mbhuman_hornet16.json
hornet,16,none,18,4,videos/02_04_0.mp4,"Once off the ramp, does the ball move slower the first time compared to the second time?",no,No,no,1,0 2 5 7 10 13 15 18 21 23 50 52 55 58 60 63,,,gpt_5_6_luna_mbhuman_hornet16.json
hornet,16,none,19,4,videos/02_04_1.mp4,"Once off the ramp, does the ball move slower the first time compared to the second time?",yes,No,no,0,0 2 5 7 10 13 15 37 39 42 44 47 50 52 55 58,,,gpt_5_6_luna_mbhuman_hornet16.json
hornet,16,none,20,5,videos/02_05_0.mp4,Does the ball travel faster in the second push compared to the first?,yes,Yes,yes,1,31 39 46 54 62 70 78 85 93 101 109 117 124 163 171 179,,,gpt_5_6_luna_mbhuman_hornet16.json
hornet,16,none,21,5,videos/02_05_1.mp4,Does the ball travel faster in the second push compared to the first?,no,No,no,1,39 46 54 148 156 163 171 179 187 195 202 210 218 226 234 242,,,gpt_5_6_luna_mbhuman_hornet16.json
hornet,16,none,22,5,videos/02_05_0.mp4,Does the ball travel faster in the first push compared to the second?,no,Yes,yes,0,31 39 46 54 62 70 78 85 93 101 109 117 124 163 171 179,,,gpt_5_6_luna_mbhuman_hornet16.json
hornet,16,none,23,5,videos/02_05_1.mp4,Does the ball travel faster in the first push compared to the second?,yes,No,no,0,39 46 54 148 156 163 171 179 187 195 202 210 218 226 234 242,,,gpt_5_6_luna_mbhuman_hornet16.json
hornet,16,none,24,6,videos/02_05_0.mp4,Is the first push weaker than the second one?,yes,Yes,yes,1,31 39 46 54 62 70 78 85 93 101 109 117 124 163 171 179,,,gpt_5_6_luna_mbhuman_hornet16.json
hornet,16,none,25,6,videos/02_05_1.mp4,Is the first push weaker than the second one?,no,Yes,yes,0,39 46 54 148 156 163 171 179 187 195 202 210 218 226 234 242,,,gpt_5_6_luna_mbhuman_hornet16.json
hornet,16,none,26,6,videos/02_05_0.mp4,Is the first push stronger than the second one?,no,Yes,yes,0,31 39 46 54 62 70 78 85 93 101 109 117 124 163 171 179,,,gpt_5_6_luna_mbhuman_hornet16.json
hornet,16,none,27,6,videos/02_05_1.mp4,Is the first push stronger than the second one?,yes,Yes,yes,1,39 46 54 148 156 163 171 179 187 195 202 210 218 226 234 242,,,gpt_5_6_luna_mbhuman_hornet16.json
hornet,16,none,28,7,videos/09_00_0.mp4,Does the box travel farther in the second push compared to the first?,yes,Yes,yes,1,0 5 10 15 20 25 45 50 55 60 81 91 96 101 106 111,,,gpt_5_6_luna_mbhuman_hornet16.json
hornet,16,none,29,7,videos/09_00_1.mp4,Does the box travel farther in the second push compared to the first?,no,Yes,yes,0,30 35 40 45 50 96 101 106 111 116 121 136 141 146 151 157,,,gpt_5_6_luna_mbhuman_hornet16.json
hornet,16,none,30,7,videos/09_00_0.mp4,Does the box travel farther in the first push compared to the second?,no,Yes,yes,0,0 5 10 15 20 25 45 50 55 60 81 91 96 101 106 111,,,gpt_5_6_luna_mbhuman_hornet16.json
hornet,16,none,31,7,videos/09_00_1.mp4,Does the box travel farther in the first push compared to the second?,yes,No,no,0,30 35 40 45 50 96 101 106 111 116 121 136 141 146 151 157,,,gpt_5_6_luna_mbhuman_hornet16.json
hornet,16,none,32,8,videos/09_00_0.mp4,Is the first push weaker than the second one?,yes,Yes,yes,1,0 5 10 15 20 25 45 50 55 60 81 91 96 101 106 111,,,gpt_5_6_luna_mbhuman_hornet16.json
hornet,16,none,33,8,videos/09_00_1.mp4,Is the first push weaker than the second one?,no,Yes,yes,0,30 35 40 45 50 96 101 106 111 116 121 136 141 146 151 157,,,gpt_5_6_luna_mbhuman_hornet16.json
hornet,16,none,34,8,videos/09_00_0.mp4,Is the first push stronger than the second one?,no,Yes,yes,0,0 5 10 15 20 25 45 50 55 60 81 91 96 101 106 111,,,gpt_5_6_luna_mbhuman_hornet16.json
hornet,16,none,35,8,videos/09_00_1.mp4,Is the first push stronger than the second one?,yes,No,no,0,30 35 40 45 50 96 101 106 111 116 121 136 141 146 151 157,,,gpt_5_6_luna_mbhuman_hornet16.json
hornet,16,none,36,9,videos/09_01_0.mp4,Does the puck travel farther in the second push compared to the first?,yes,Yes,yes,1,0 3 7 11 15 19 23 27 30 58 61 65 69 73 77 81,,,gpt_5_6_luna_mbhuman_hornet16.json
hornet,16,none,37,9,videos/09_01_1.mp4,Does the puck travel farther in the second push compared to the first?,no,Yes,yes,0,15 19 23 27 30 34 38 77 81 85 89 92 96 100 104 108,,,gpt_5_6_luna_mbhuman_hornet16.json
hornet,16,none,38,9,videos/09_01_0.mp4,Does the puck travel farther in the first push compared to the second?,no,Yes,yes,0,0 3 7 11 15 19 23 27 30 58 61 65 69 73 77 81,,,gpt_5_6_luna_mbhuman_hornet16.json
hornet,16,none,39,9,videos/09_01_1.mp4,Does the puck travel farther in the first push compared to the second?,yes,Yes,yes,1,15 19 23 27 30 34 38 77 81 85 89 92 96 100 104 108,,,gpt_5_6_luna_mbhuman_hornet16.json
hornet,16,none,40,10,videos/09_01_0.mp4,Is the first push weaker than the second one?,yes,Yes,yes,1,0 3 7 11 15 19 23 27 30 58 61 65 69 73 77 81,,,gpt_5_6_luna_mbhuman_hornet16.json
hornet,16,none,41,10,videos/09_01_1.mp4,Is the first push weaker than the second one?,no,Yes,yes,0,15 19 23 27 30 34 38 77 81 85 89 92 96 100 104 108,,,gpt_5_6_luna_mbhuman_hornet16.json
hornet,16,none,42,10,videos/09_01_0.mp4,Is the first push stronger than the second one?,no,No,no,1,0 3 7 11 15 19 23 27 30 58 61 65 69 73 77 81,,,gpt_5_6_luna_mbhuman_hornet16.json
hornet,16,none,43,10,videos/09_01_1.mp4,Is the first push stronger than the second one?,yes,No,no,0,15 19 23 27 30 34 38 77 81 85 89 92 96 100 104 108,,,gpt_5_6_luna_mbhuman_hornet16.json
hornet,16,none,44,11,videos/09_02_0.mp4,Does the toy car travel farther in the second push compared to the first?,yes,Yes,yes,1,0 4 8 12 17 21 25 30 34 38 42 77 85 90 94 98,,,gpt_5_6_luna_mbhuman_hornet16.json
hornet,16,none,45,11,videos/09_02_1.mp4,Does the toy car travel farther in the second push compared to the first?,no,Yes,yes,0,0 4 12 17 21 25 64 68 72 77 81 85 90 94 98 102,,,gpt_5_6_luna_mbhuman_hornet16.json
hornet,16,none,46,11,videos/09_02_0.mp4,Does the toy car travel farther in the first push compared to the second?,no,Yes,yes,0,0 4 8 12 17 21 25 30 34 38 42 77 85 90 94 98,,,gpt_5_6_luna_mbhuman_hornet16.json
hornet,16,none,47,11,videos/09_02_1.mp4,Does the toy car travel farther in the first push compared to the second?,yes,Yes,yes,1,0 4 12 17 21 25 64 68 72 77 81 85 90 94 98 102,,,gpt_5_6_luna_mbhuman_hornet16.json
hornet,16,none,48,12,videos/09_02_0.mp4,Is the first push weaker than the second one?,yes,Yes,yes,1,0 4 8 12 17 21 25 30 34 38 42 77 85 90 94 98,,,gpt_5_6_luna_mbhuman_hornet16.json
hornet,16,none,49,12,videos/09_02_1.mp4,Is the first push weaker than the second one?,no,Yes,yes,0,0 4 12 17 21 25 64 68 72 77 81 85 90 94 98 102,,,gpt_5_6_luna_mbhuman_hornet16.json
hornet,16,none,50,12,videos/09_02_0.mp4,Is the first push stronger than the second one?,no,Yes,yes,0,0 4 8 12 17 21 25 30 34 38 42 77 85 90 94 98,,,gpt_5_6_luna_mbhuman_hornet16.json
hornet,16,none,51,12,videos/09_02_1.mp4,Is the first push stronger than the second one?,yes,Yes,yes,1,0 4 12 17 21 25 64 68 72 77 81 85 90 94 98 102,,,gpt_5_6_luna_mbhuman_hornet16.json
hornet,16,none,52,13,videos/09_03_0.mp4,Does the ball travel farther in the second push compared to the first?,yes,Yes,yes,1,0 7 15 23 31 39 47 55 63 71 79 87 95 103 111 119,,,gpt_5_6_luna_mbhuman_hornet16.json
hornet,16,none,53,13,videos/09_03_1.mp4,Does the ball travel farther in the second push compared to the first?,no,Yes,yes,0,63 111 119 127 135 143 151 159 167 175 183 191 199 207 215 223,,,gpt_5_6_luna_mbhuman_hornet16.json
hornet,16,none,54,13,videos/09_03_0.mp4,Does the ball travel farther in the first push compared to the second?,no,Yes,yes,0,0 7 15 23 31 39 47 55 63 71 79 87 95 103 111 119,,,gpt_5_6_luna_mbhuman_hornet16.json
hornet,16,none,55,13,videos/09_03_1.mp4,Does the ball travel farther in the first push compared to the second?,yes,No,no,0,63 111 119 127 135 143 151 159 167 175 183 191 199 207 215 223,,,gpt_5_6_luna_mbhuman_hornet16.json
hornet,16,none,56,14,videos/09_03_0.mp4,Is the first push weaker than the second one?,yes,Yes,yes,1,0 7 15 23 31 39 47 55 63 71 79 87 95 103 111 119,,,gpt_5_6_luna_mbhuman_hornet16.json
hornet,16,none,57,14,videos/09_03_1.mp4,Is the first push weaker than the second one?,no,Yes,yes,0,63 111 119 127 135 143 151 159 167 175 183 191 199 207 215 223,,,gpt_5_6_luna_mbhuman_hornet16.json
hornet,16,none,58,14,videos/09_03_0.mp4,Is the first push stronger than the second one?,no,Yes,yes,0,0 7 15 23 31 39 47 55 63 71 79 87 95 103 111 119,,,gpt_5_6_luna_mbhuman_hornet16.json
hornet,16,none,59,14,videos/09_03_1.mp4,Is the first push stronger than the second one?,yes,No,no,0,63 111 119 127 135 143 151 159 167 175 183 191 199 207 215 223,,,gpt_5_6_luna_mbhuman_hornet16.json
hornet,16,none,60,15,videos/09_04_0.mp4,Does the ball travel farther in the second push compared to the first?,yes,Yes,yes,1,0 15 30 45 60 75 91 167 182 197 212 227 243 258 319 334,,,gpt_5_6_luna_mbhuman_hornet16.json
hornet,16,none,61,15,videos/09_04_1.mp4,Does the ball travel farther in the second push compared to the first?,no,Yes,yes,0,45 60 212 227 243 258 273 288 303 364 379 395 410 425 440 455,,,gpt_5_6_luna_mbhuman_hornet16.json
hornet,16,none,62,15,videos/09_04_0.mp4,Does the ball travel farther in the first push compared to the second?,no,Yes,yes,0,0 15 30 45 60 75 91 167 182 197 212 227 243 258 319 334,,,gpt_5_6_luna_mbhuman_hornet16.json
hornet,16,none,63,15,videos/09_04_1.mp4,Does the ball travel farther in the first push compared to the second?,yes,No,no,0,45 60 212 227 243 258 273 288 303 364 379 395 410 425 440 455,,,gpt_5_6_luna_mbhuman_hornet16.json
hornet,16,none,64,16,videos/09_04_0.mp4,Is the first push weaker than the second one?,yes,Yes,yes,1,0 15 30 45 60 75 91 167 182 197 212 227 243 258 319 334,,,gpt_5_6_luna_mbhuman_hornet16.json
hornet,16,none,65,16,videos/09_04_1.mp4,Is the first push weaker than the second one?,no,Yes,yes,0,45 60 212 227 243 258 273 288 303 364 379 395 410 425 440 455,,,gpt_5_6_luna_mbhuman_hornet16.json
hornet,16,none,66,16,videos/09_04_0.mp4,Is the first push stronger than the second one?,no,No,no,1,0 15 30 45 60 75 91 167 182 197 212 227 243 258 319 334,,,gpt_5_6_luna_mbhuman_hornet16.json
hornet,16,none,67,16,videos/09_04_1.mp4,Is the first push stronger than the second one?,yes,No,no,0,45 60 212 227 243 258 273 288 303 364 379 395 410 425 440 455,,,gpt_5_6_luna_mbhuman_hornet16.json
hornet,16,none,68,17,videos/09_04_0.mp4,Does the ball travel faster in the second push compared to the first?,yes,Yes,yes,1,0 15 30 45 60 75 91 167 182 197 212 227 243 258 319 334,,,gpt_5_6_luna_mbhuman_hornet16.json
hornet,16,none,69,17,videos/09_04_1.mp4,Does the ball travel faster in the second push compared to the first?,no,No,no,1,45 60 212 227 243 258 273 288 303 364 379 395 410 425 440 455,,,gpt_5_6_luna_mbhuman_hornet16.json
hornet,16,none,70,17,videos/09_04_0.mp4,Does the ball travel faster in the first push compared to the second?,no,No,no,1,0 15 30 45 60 75 91 167 182 197 212 227 243 258 319 334,,,gpt_5_6_luna_mbhuman_hornet16.json
hornet,16,none,71,17,videos/09_04_1.mp4,Does the ball travel faster in the first push compared to the second?,yes,No,no,0,45 60 212 227 243 258 273 288 303 364 379 395 410 425 440 455,,,gpt_5_6_luna_mbhuman_hornet16.json
hornet,16,none,72,18,videos/09_05_0.mp4,Does the ball that starts closer to the camera roll further?,yes,Yes,yes,1,0 2 5 7 10 13 15 18 21 23 26 29 31 34 37 39,,,gpt_5_6_luna_mbhuman_hornet16.json
hornet,16,none,73,18,videos/09_05_1.mp4,Does the ball that starts closer to the camera roll further?,no,Yes,yes,0,45 50 56 62 67 73 79 84 90 95 101 107 112 118 124 175,,,gpt_5_6_luna_mbhuman_hornet16.json
hornet,16,none,74,18,videos/09_05_0.mp4,Does the ball that starts farther from the camera roll further?,no,No,no,1,0 2 5 7 10 13 15 18 21 23 26 29 31 34 37 39,,,gpt_5_6_luna_mbhuman_hornet16.json
hornet,16,none,75,18,videos/09_05_1.mp4,Does the ball that starts farther from the camera roll further?,yes,Yes,yes,1,45 50 56 62 67 73 79 84 90 95 101 107 112 118 124 175,,,gpt_5_6_luna_mbhuman_hornet16.json
hornet,16,none,76,19,videos/09_05_0.mp4,Is the ball that starts closer to the camera pushed harder?,yes,No,no,0,0 2 5 7 10 13 15 18 21 23 26 29 31 34 37 39,,,gpt_5_6_luna_mbhuman_hornet16.json
hornet,16,none,77,19,videos/09_05_1.mp4,Is the ball that starts closer to the camera pushed harder?,no,Yes,yes,0,45 50 56 62 67 73 79 84 90 95 101 107 112 118 124 175,,,gpt_5_6_luna_mbhuman_hornet16.json
hornet,16,none,78,19,videos/09_05_0.mp4,Is the ball that starts further from the camera pushed harder?,no,No,no,1,0 2 5 7 10 13 15 18 21 23 26 29 31 34 37 39,,,gpt_5_6_luna_mbhuman_hornet16.json
hornet,16,none,79,19,videos/09_05_1.mp4,Is the ball that starts further from the camera pushed harder?,yes,No,no,0,45 50 56 62 67 73 79 84 90 95 101 107 112 118 124 175,,,gpt_5_6_luna_mbhuman_hornet16.json
hornet,16,none,80,20,videos/09_06_0.mp4,"From the camera's point of view, does the right disk move further?",yes,Yes,yes,1,17 26 30 57 61 65 70 74 78 109 114 118 122 127 131 136,,,gpt_5_6_luna_mbhuman_hornet16.json
hornet,16,none,81,20,videos/09_06_1.mp4,"From the camera's point of view, does the right disk move further?",no,Yes,yes,0,33 38 43 48 52 57 62 67 72 76 86 91 96 100 105 110,,,gpt_5_6_luna_mbhuman_hornet16.json
hornet,16,none,82,20,videos/09_06_0.mp4,"From the camera's point of view, does the left disk move further?",no,Yes,yes,0,17 26 30 57 61 65 70 74 78 109 114 118 122 127 131 136,,,gpt_5_6_luna_mbhuman_hornet16.json
hornet,16,none,83,20,videos/09_06_1.mp4,"From the camera's point of view, does the left disk move further?",yes,Yes,yes,1,33 38 43 48 52 57 62 67 72 76 86 91 96 100 105 110,,,gpt_5_6_luna_mbhuman_hornet16.json
hornet,16,none,84,21,videos/09_06_0.mp4,Is the disk at the camera's right pushed harder?,yes,No,no,0,17 26 30 57 61 65 70 74 78 109 114 118 122 127 131 136,,,gpt_5_6_luna_mbhuman_hornet16.json
hornet,16,none,85,21,videos/09_06_1.mp4,Is the disk at the camera's right pushed harder?,no,Yes,yes,0,33 38 43 48 52 57 62 67 72 76 86 91 96 100 105 110,,,gpt_5_6_luna_mbhuman_hornet16.json
hornet,16,none,86,21,videos/09_06_0.mp4,Is the disk at the camera's left pushed harder?,no,No,no,1,17 26 30 57 61 65 70 74 78 109 114 118 122 127 131 136,,,gpt_5_6_luna_mbhuman_hornet16.json
hornet,16,none,87,21,videos/09_06_1.mp4,Is the disk at the camera's left pushed harder?,yes,Yes,yes,1,33 38 43 48 52 57 62 67 72 76 86 91 96 100 105 110,,,gpt_5_6_luna_mbhuman_hornet16.json
hornet,16,none,88,22,videos/09_07_0.mp4,Is the magnitude of the pendulum arc smaller the first time compared to the second time?,yes,Yes,yes,1,14 29 44 58 73 88 117 146 161 176 190 205 220 234 249 264,,,gpt_5_6_luna_mbhuman_hornet16.json
hornet,16,none,89,22,videos/09_07_1.mp4,Is the magnitude of the pendulum arc smaller the first time compared to the second time?,no,Yes,yes,0,190 205 220 234 249 264 293 322 337 352 366 381 396 410 440 455,,,gpt_5_6_luna_mbhuman_hornet16.json
hornet,16,none,90,22,videos/09_07_0.mp4,Is the magnitude of the pendulum arc larger the first time compared to the second time?,no,Yes,yes,0,14 29 44 58 73 88 117 146 161 176 190 205 220 234 249 264,,,gpt_5_6_luna_mbhuman_hornet16.json
hornet,16,none,91,22,videos/09_07_1.mp4,Is the magnitude of the pendulum arc larger the first time compared to the second time?,yes,Yes,yes,1,190 205 220 234 249 264 293 322 337 352 366 381 396 410 440 455,,,gpt_5_6_luna_mbhuman_hornet16.json
hornet,16,none,92,23,videos/09_08_0.mp4,Is the drawer pulled out farther the first time compared to the second time?,yes,No,no,0,0 8 16 24 32 40 48 56 64 72 80 89 97 105 113 121,,,gpt_5_6_luna_mbhuman_hornet16.json
hornet,16,none,93,23,videos/09_08_1.mp4,Is the drawer pulled out farther the first time compared to the second time?,no,No,no,1,8 137 145 153 161 170 178 186 194 202 210 218 226 234 242 251,,,gpt_5_6_luna_mbhuman_hornet16.json
hornet,16,none,94,23,videos/09_08_0.mp4,Is the drawer pulled out less the first time compared to the second time?,no,Yes,yes,0,0 8 16 24 32 40 48 56 64 72 80 89 97 105 113 121,,,gpt_5_6_luna_mbhuman_hornet16.json
hornet,16,none,95,23,videos/09_08_1.mp4,Is the drawer pulled out less the first time compared to the second time?,yes,No,no,0,8 137 145 153 161 170 178 186 194 202 210 218 226 234 242 251,,,gpt_5_6_luna_mbhuman_hornet16.json
hornet,16,none,96,24,videos/09_09_0.mp4,Is the magnitude of the person's arm swing smaller the first time compared to the second time?,yes,No,no,0,0 7 15 23 31 38 101 108 116 124 132 139 147 155 163 225,,,gpt_5_6_luna_mbhuman_hornet16.json
hornet,16,none,97,24,videos/09_09_1.mp4,Is the magnitude of the person's arm swing smaller the first time compared to the second time?,no,Yes,yes,0,0 7 15 23 31 38 46 54 62 69 155 163 171 178 186 194,,,gpt_5_6_luna_mbhuman_hornet16.json
hornet,16,none,98,24,videos/09_09_0.mp4,Is the magnitude of the person's arm swing larger the first time compared to the second time?,no,Yes,yes,0,0 7 15 23 31 38 101 108 116 124 132 139 147 155 163 225,,,gpt_5_6_luna_mbhuman_hornet16.json
hornet,16,none,99,24,videos/09_09_1.mp4,Is the magnitude of the person's arm swing larger the first time compared to the second time?,yes,Yes,yes,1,0 7 15 23 31 38 46 54 62 69 155 163 171 178 186 194,,,gpt_5_6_luna_mbhuman_hornet16.json
hornet,16,none,100,25,videos/09_10_0.mp4,Is the magnitude of the ball's first bounce smaller the first time compared to the second time?,yes,Yes,yes,1,84 90 96 102 108 114 120 126 132 138 144 150 156 162 174 180,,,gpt_5_6_luna_mbhuman_hornet16.json
hornet,16,none,101,25,videos/09_10_1.mp4,Is the magnitude of the ball's first bounce smaller the first time compared to the second time?,no,Yes,yes,0,0 6 12 18 24 30 36 42 48 54 60 66 72 78 90 102,,,gpt_5_6_luna_mbhuman_hornet16.json
hornet,16,none,102,25,videos/09_10_0.mp4,Is the magnitude of the ball's first bounce larger the first time compared to the second time?,no,Yes,yes,0,84 90 96 102 108 114 120 126 132 138 144 150 156 162 174 180,,,gpt_5_6_luna_mbhuman_hornet16.json
hornet,16,none,103,25,videos/09_10_1.mp4,Is the magnitude of the ball's first bounce larger the first time compared to the second time?,yes,Yes,yes,1,0 6 12 18 24 30 36 42 48 54 60 66 72 78 90 102,,,gpt_5_6_luna_mbhuman_hornet16.json
hornet,16,none,104,26,videos/09_11_0.mp4,Does the ball travel farther the second time compared to the first time?,yes,Yes,yes,1,20 30 140 150 160 170 180 190 200 210 220 230 240 250 260 270,,,gpt_5_6_luna_mbhuman_hornet16.json
hornet,16,none,105,26,videos/09_11_1.mp4,Does the ball travel farther the second time compared to the first time?,no,No,no,1,10 20 30 40 50 60 70 80 90 100 110 120 130 140 200 210,,,gpt_5_6_luna_mbhuman_hornet16.json
hornet,16,none,106,26,videos/09_11_0.mp4,Does the ball travel farther the first time compared to the second time?,no,Yes,yes,0,20 30 140 150 160 170 180 190 200 210 220 230 240 250 260 270,,,gpt_5_6_luna_mbhuman_hornet16.json
hornet,16,none,107,26,videos/09_11_1.mp4,Does the ball travel farther the first time compared to the second time?,yes,Yes,yes,1,10 20 30 40 50 60 70 80 90 100 110 120 130 140 200 210,,,gpt_5_6_luna_mbhuman_hornet16.json
hornet,16,none,108,27,videos/09_11_0.mp4,Is the first push weaker than the second one?,yes,No,no,0,20 30 140 150 160 170 180 190 200 210 220 230 240 250 260 270,,,gpt_5_6_luna_mbhuman_hornet16.json
hornet,16,none,109,27,videos/09_11_1.mp4,Is the first push weaker than the second one?,no,Yes,yes,0,10 20 30 40 50 60 70 80 90 100 110 120 130 140 200 210,,,gpt_5_6_luna_mbhuman_hornet16.json
hornet,16,none,110,27,videos/09_11_0.mp4,Is the first push stronger than the second one?,no,Yes,yes,0,20 30 140 150 160 170 180 190 200 210 220 230 240 250 260 270,,,gpt_5_6_luna_mbhuman_hornet16.json
hornet,16,none,111,27,videos/09_11_1.mp4,Is the first push stronger than the second one?,yes,Yes,yes,1,10 20 30 40 50 60 70 80 90 100 110 120 130 140 200 210,,,gpt_5_6_luna_mbhuman_hornet16.json
hornet,16,none,112,28,videos/09_11_0.mp4,Is the magnitude of the ball's velocity smaller the first time compared to the second time?,yes,No,no,0,20 30 140 150 160 170 180 190 200 210 220 230 240 250 260 270,,,gpt_5_6_luna_mbhuman_hornet16.json
hornet,16,none,113,28,videos/09_11_1.mp4,Is the magnitude of the ball's velocity smaller the first time compared to the second time?,no,No,no,1,10 20 30 40 50 60 70 80 90 100 110 120 130 140 200 210,,,gpt_5_6_luna_mbhuman_hornet16.json
hornet,16,none,114,28,videos/09_11_0.mp4,Is the magnitude of the ball's velocity larger the first time compared to the second time?,no,No,no,1,20 30 140 150 160 170 180 190 200 210 220 230 240 250 260 270,,,gpt_5_6_luna_mbhuman_hornet16.json
hornet,16,none,115,28,videos/09_11_1.mp4,Is the magnitude of the ball's velocity larger the first time compared to the second time?,yes,No,no,0,10 20 30 40 50 60 70 80 90 100 110 120 130 140 200 210,,,gpt_5_6_luna_mbhuman_hornet16.json
hornet,16,none,116,29,videos/09_12_0.mp4,Does the ball travel farther the second time compared to the first time?,yes,Yes,yes,1,0 14 28 42 71 256 270 285 299 313 356 370 399 413 427 442,,,gpt_5_6_luna_mbhuman_hornet16.json
hornet,16,none,117,29,videos/09_12_1.mp4,Does the ball travel farther the second time compared to the first time?,no,Yes,yes,0,57 85 99 114 156 171 185 199 213 228 242 256 270 285 313 342,,,gpt_5_6_luna_mbhuman_hornet16.json
hornet,16,none,118,29,videos/09_12_0.mp4,Does the ball travel farther the first time compared to the second time?,no,Yes,yes,0,0 14 28 42 71 256 270 285 299 313 356 370 399 413 427 442,,,gpt_5_6_luna_mbhuman_hornet16.json
hornet,16,none,119,29,videos/09_12_1.mp4,Does the ball travel farther the first time compared to the second time?,yes,Yes,yes,1,57 85 99 114 156 171 185 199 213 228 242 256 270 285 313 342,,,gpt_5_6_luna_mbhuman_hornet16.json
hornet,16,none,120,30,videos/09_12_0.mp4,Is the first push weaker than the second one?,yes,Yes,yes,1,0 14 28 42 71 256 270 285 299 313 356 370 399 413 427 442,,,gpt_5_6_luna_mbhuman_hornet16.json
hornet,16,none,121,30,videos/09_12_1.mp4,Is the first push weaker than the second one?,no,Yes,yes,0,57 85 99 114 156 171 185 199 213 228 242 256 270 285 313 342,,,gpt_5_6_luna_mbhuman_hornet16.json
hornet,16,none,122,30,videos/09_12_0.mp4,Is the first push stronger than the second one?,no,No,no,1,0 14 28 42 71 256 270 285 299 313 356 370 399 413 427 442,,,gpt_5_6_luna_mbhuman_hornet16.json
hornet,16,none,123,30,videos/09_12_1.mp4,Is the first push stronger than the second one?,yes,No,no,0,57 85 99 114 156 171 185 199 213 228 242 256 270 285 313 342,,,gpt_5_6_luna_mbhuman_hornet16.json
hornet,16,none,124,31,videos/09_13_0.mp4,Does the person squeeze with more force the first time compared to the second time?,yes,Yes,yes,1,129 150 161 172 204 215 226 237 247 258 269 280 290 301 312 323,,,gpt_5_6_luna_mbhuman_hornet16.json
hornet,16,none,125,31,videos/09_13_1.mp4,Does the person squeeze with more force the first time compared to the second time?,no,Yes,yes,0,0 10 21 32 43 53 86 96 107 118 129 140 150 161 172 183,,,gpt_5_6_luna_mbhuman_hornet16.json
hornet,16,none,126,31,videos/09_13_0.mp4,Does the person squeeze with less force the first time compared to the second time?,no,Yes,yes,0,129 150 161 172 204 215 226 237 247 258 269 280 290 301 312 323,,,gpt_5_6_luna_mbhuman_hornet16.json
hornet,16,none,127,31,videos/09_13_1.mp4,Does the person squeeze with less force the first time compared to the second time?,yes,Yes,yes,1,0 10 21 32 43 53 86 96 107 118 129 140 150 161 172 183,,,gpt_5_6_luna_mbhuman_hornet16.json
hornet,16,none,128,32,videos/09_14_0.mp4,Does the cup travel farther the second time compared to the first time?,yes,Yes,yes,1,0 5 11 17 22 28 34 39 51 56 62 68 73 79 85 90,,,gpt_5_6_luna_mbhuman_hornet16.json
hornet,16,none,129,32,videos/09_14_1.mp4,Does the cup travel farther the second time compared to the first time?,no,No,no,1,85 90 96 102 107 119 124 130 136 141 147 153 158 164 170 176,,,gpt_5_6_luna_mbhuman_hornet16.json
hornet,16,none,130,32,videos/09_14_0.mp4,Does the cup travel farther the first time compared to the second time?,no,Yes,yes,0,0 5 11 17 22 28 34 39 51 56 62 68 73 79 85 90,,,gpt_5_6_luna_mbhuman_hornet16.json
hornet,16,none,131,32,videos/09_14_1.mp4,Does the cup travel farther the first time compared to the second time?,yes,No,no,0,85 90 96 102 107 119 124 130 136 141 147 153 158 164 170 176,,,gpt_5_6_luna_mbhuman_hornet16.json
hornet,16,none,132,33,videos/09_14_0.mp4,Does the pendulum strike the cup with less force the first time compared to the second time?,yes,No,no,0,0 5 11 17 22 28 34 39 51 56 62 68 73 79 85 90,,,gpt_5_6_luna_mbhuman_hornet16.json
hornet,16,none,133,33,videos/09_14_1.mp4,Does the pendulum strike the cup with less force the first time compared to the second time?,no,No,no,1,85 90 96 102 107 119 124 130 136 141 147 153 158 164 170 176,,,gpt_5_6_luna_mbhuman_hornet16.json
hornet,16,none,134,33,videos/09_14_0.mp4,Does the pendulum strike the cup with more force the first time compared to the second time?,no,No,no,1,0 5 11 17 22 28 34 39 51 56 62 68 73 79 85 90,,,gpt_5_6_luna_mbhuman_hornet16.json
hornet,16,none,135,33,videos/09_14_1.mp4,Does the pendulum strike the cup with more force the first time compared to the second time?,yes,No,no,0,85 90 96 102 107 119 124 130 136 141 147 153 158 164 170 176,,,gpt_5_6_luna_mbhuman_hornet16.json
hornet,16,none,136,34,videos/14_00_0.mp4,"From the camera's point of view, is the man walking to the right?",yes,Yes,yes,1,0 3 6 10 13 17 24 27 31 87 90 94 97 101 104 108,,,gpt_5_6_luna_mbhuman_hornet16.json
hornet,16,none,137,34,videos/14_00_1.mp4,"From the camera's point of view, is the man walking to the right?",no,No,no,1,0 4 8 12 16 20 24 28 32 36 40 44 48 52 56 60,,,gpt_5_6_luna_mbhuman_hornet16.json
hornet,16,none,138,34,videos/14_00_0.mp4,"From the camera's point of view, is the man walking to the left?",no,No,no,1,0 3 6 10 13 17 24 27 31 87 90 94 97 101 104 108,,,gpt_5_6_luna_mbhuman_hornet16.json
hornet,16,none,139,34,videos/14_00_1.mp4,"From the camera's point of view, is the man walking to the left?",yes,Yes,yes,1,0 4 8 12 16 20 24 28 32 36 40 44 48 52 56 60,,,gpt_5_6_luna_mbhuman_hornet16.json
hornet,16,none,140,35,videos/14_01_0.mp4,Is the cup moving towards the sink?,yes,Yes,yes,1,22 26 30 35 39 44 48 53 57 61 66 70 75 79 88 92,,,gpt_5_6_luna_mbhuman_hornet16.json
hornet,16,none,141,35,videos/14_01_1.mp4,Is the cup moving towards the sink?,no,Yes,yes,0,0 4 8 17 21 25 30 34 38 43 47 51 56 60 64 69,,,gpt_5_6_luna_mbhuman_hornet16.json
hornet,16,none,142,35,videos/14_01_0.mp4,Is the cup moving away from the sink?,no,Yes,yes,0,22 26 30 35 39 44 48 53 57 61 66 70 75 79 88 92,,,gpt_5_6_luna_mbhuman_hornet16.json
hornet,16,none,143,35,videos/14_01_1.mp4,Is the cup moving away from the sink?,yes,Yes,yes,1,0 4 8 17 21 25 30 34 38 43 47 51 56 60 64 69,,,gpt_5_6_luna_mbhuman_hornet16.json
hornet,16,none,144,36,videos/14_02_0.mp4,Is the man getting closer to the camera?,yes,Yes,yes,1,51 54 58 61 64 67 70 74 77 80 83 87 90 93 96 100,,,gpt_5_6_luna_mbhuman_hornet16.json
hornet,16,none,145,36,videos/14_02_1.mp4,Is the man getting closer to the camera?,no,No,no,1,0 3 7 10 14 17 21 24 28 31 35 38 42 45 49 52,,,gpt_5_6_luna_mbhuman_hornet16.json
hornet,16,none,146,36,videos/14_02_0.mp4,Is the man moving farther from the camera?,no,No,no,1,51 54 58 61 64 67 70 74 77 80 83 87 90 93 96 100,,,gpt_5_6_luna_mbhuman_hornet16.json
hornet,16,none,147,36,videos/14_02_1.mp4,Is the man moving farther from the camera?,yes,Yes,yes,1,0 3 7 10 14 17 21 24 28 31 35 38 42 45 49 52,,,gpt_5_6_luna_mbhuman_hornet16.json
hornet,16,none,148,37,videos/14_03_0.mp4,"From the camera's point of view, is the man moving to the right?",yes,Yes,yes,1,0 2 4 6 8 10 12 15 17 19 21 23 25 34 36 38,,,gpt_5_6_luna_mbhuman_hornet16.json
hornet,16,none,149,37,videos/14_03_1.mp4,"From the camera's point of view, is the man moving to the right?",no,No,no,1,0 2 4 7 9 17 19 22 24 27 29 32 34 37 39 42,,,gpt_5_6_luna_mbhuman_hornet16.json
hornet,16,none,150,37,videos/14_03_0.mp4,"From the camera's point of view, is the man moving to the left?",no,No,no,1,0 2 4 6 8 10 12 15 17 19 21 23 25 34 36 38,,,gpt_5_6_luna_mbhuman_hornet16.json
hornet,16,none,151,37,videos/14_03_1.mp4,"From the camera's point of view, is the man moving to the left?",yes,Yes,yes,1,0 2 4 7 9 17 19 22 24 27 29 32 34 37 39 42,,,gpt_5_6_luna_mbhuman_hornet16.json
hornet,16,none,152,38,videos/14_04_0.mp4,"From the camera's point of view, does the pen roll to the right?",yes,Yes,yes,1,50 53 56 59 62 65 68 71 75 78 81 84 87 90 93 97,,,gpt_5_6_luna_mbhuman_hornet16.json
hornet,16,none,153,38,videos/14_04_1.mp4,"From the camera's point of view, does the pen roll to the right?",no,Yes,yes,0,14 17 20 23 26 29 31 34 37 43 46 49 52 55 58 60,,,gpt_5_6_luna_mbhuman_hornet16.json
hornet,16,none,154,38,videos/14_04_0.mp4,"From the camera's point of view, does the pen roll to the left?",no,No,no,1,50 53 56 59 62 65 68 71 75 78 81 84 87 90 93 97,,,gpt_5_6_luna_mbhuman_hornet16.json
hornet,16,none,155,38,videos/14_04_1.mp4,"From the camera's point of view, does the pen roll to the left?",yes,Yes,yes,1,14 17 20 23 26 29 31 34 37 43 46 49 52 55 58 60,,,gpt_5_6_luna_mbhuman_hornet16.json
hornet,16,none,156,39,videos/14_04_0.mp4,Does the pen move away from the person?,yes,Yes,yes,1,50 53 56 59 62 65 68 71 75 78 81 84 87 90 93 97,,,gpt_5_6_luna_mbhuman_hornet16.json
hornet,16,none,157,39,videos/14_04_1.mp4,Does the pen move away from the person?,no,Yes,yes,0,14 17 20 23 26 29 31 34 37 43 46 49 52 55 58 60,,,gpt_5_6_luna_mbhuman_hornet16.json
hornet,16,none,158,39,videos/14_04_0.mp4,Does the pen move towards the person?,no,No,no,1,50 53 56 59 62 65 68 71 75 78 81 84 87 90 93 97,,,gpt_5_6_luna_mbhuman_hornet16.json
hornet,16,none,159,39,videos/14_04_1.mp4,Does the pen move towards the person?,yes,No,no,0,14 17 20 23 26 29 31 34 37 43 46 49 52 55 58 60,,,gpt_5_6_luna_mbhuman_hornet16.json
hornet,16,none,160,40,videos/14_05_0.mp4,"From the camera's point of view, does the pen slide to the right?",yes,Yes,yes,1,0 3 7 10 14 17 21 25 32 35 39 42 46 50 53 93,,,gpt_5_6_luna_mbhuman_hornet16.json
hornet,16,none,161,40,videos/14_05_1.mp4,"From the camera's point of view, does the pen slide to the right?",no,Yes,yes,0,3 7 11 15 19 22 26 30 34 38 41 45 49 53 57 60,,,gpt_5_6_luna_mbhuman_hornet16.json
hornet,16,none,162,40,videos/14_05_0.mp4,"From the camera's point of view, does the pen slide to the left?",no,Yes,yes,0,0 3 7 10 14 17 21 25 32 35 39 42 46 50 53 93,,,gpt_5_6_luna_mbhuman_hornet16.json
hornet,16,none,163,40,videos/14_05_1.mp4,"From the camera's point of view, does the pen slide to the left?",yes,Yes,yes,1,3 7 11 15 19 22 26 30 34 38 41 45 49 53 57 60,,,gpt_5_6_luna_mbhuman_hornet16.json
hornet,16,none,164,41,videos/14_05_0.mp4,Does the pen move away from the edge of the table?,yes,Yes,yes,1,0 3 7 10 14 17 21 25 32 35 39 42 46 50 53 93,,,gpt_5_6_luna_mbhuman_hornet16.json
hornet,16,none,165,41,videos/14_05_1.mp4,Does the pen move away from the edge of the table?,no,Yes,yes,0,3 7 11 15 19 22 26 30 34 38 41 45 49 53 57 60,,,gpt_5_6_luna_mbhuman_hornet16.json
hornet,16,none,166,41,videos/14_05_0.mp4,Does the pen move towards the edge of the table?,no,Yes,yes,0,0 3 7 10 14 17 21 25 32 35 39 42 46 50 53 93,,,gpt_5_6_luna_mbhuman_hornet16.json
hornet,16,none,167,41,videos/14_05_1.mp4,Does the pen move towards the edge of the table?,yes,No,no,0,3 7 11 15 19 22 26 30 34 38 41 45 49 53 57 60,,,gpt_5_6_luna_mbhuman_hornet16.json
hornet,16,none,168,42,videos/14_06_0.mp4,Does the bottle move up?,yes,Yes,yes,1,0 4 9 14 19 24 29 34 92 107 112 131 136 141 146 151,,,gpt_5_6_luna_mbhuman_hornet16.json
hornet,16,none,169,42,videos/14_06_1.mp4,Does the bottle move up?,no,Yes,yes,0,42 46 49 53 57 61 65 69 72 88 92 95 99 103 107 111,,,gpt_5_6_luna_mbhuman_hornet16.json
hornet,16,none,170,42,videos/14_06_0.mp4,Does the bottle move down?,no,No,no,1,0 4 9 14 19 24 29 34 92 107 112 131 136 141 146 151,,,gpt_5_6_luna_mbhuman_hornet16.json
hornet,16,none,171,42,videos/14_06_1.mp4,Does the bottle move down?,yes,Yes,yes,1,42 46 49 53 57 61 65 69 72 88 92 95 99 103 107 111,,,gpt_5_6_luna_mbhuman_hornet16.json
hornet,16,none,172,43,videos/14_07_0.mp4,Does the phone move closer to the camera?,yes,Yes,yes,1,12 16 20 24 28 32 36 40 48 52 56 60 64 68 108 112,,,gpt_5_6_luna_mbhuman_hornet16.json
hornet,16,none,173,43,videos/14_07_1.mp4,Does the phone move closer to the camera?,no,No,no,1,28 33 38 43 48 52 57 62 67 72 76 81 86 105 120 124,,,gpt_5_6_luna_mbhuman_hornet16.json
hornet,16,none,174,43,videos/14_07_0.mp4,Does the phone move away from the camera?,no,No,no,1,12 16 20 24 28 32 36 40 48 52 56 60 64 68 108 112,,,gpt_5_6_luna_mbhuman_hornet16.json
hornet,16,none,175,43,videos/14_07_1.mp4,Does the phone move away from the camera?,yes,Yes,yes,1,28 33 38 43 48 52 57 62 67 72 76 81 86 105 120 124,,,gpt_5_6_luna_mbhuman_hornet16.json
hornet,16,none,176,44,videos/14_08_0.mp4,Does the book move closer to the camera?,yes,Yes,yes,1,0 4 8 12 16 20 24 28 32 36 40 44 92 96 120 125,,,gpt_5_6_luna_mbhuman_hornet16.json
hornet,16,none,177,44,videos/14_08_1.mp4,Does the book move closer to the camera?,no,No,no,1,61 65 69 73 77 81 85 89 92 96 100 104 108 112 116 120,,,gpt_5_6_luna_mbhuman_hornet16.json
hornet,16,none,178,44,videos/14_08_0.mp4,Does the book move away from the camera?,no,No,no,1,0 4 8 12 16 20 24 28 32 36 40 44 92 96 120 125,,,gpt_5_6_luna_mbhuman_hornet16.json
hornet,16,none,179,44,videos/14_08_1.mp4,Does the book move away from the camera?,yes,No,no,0,61 65 69 73 77 81 85 89 92 96 100 104 108 112 116 120,,,gpt_5_6_luna_mbhuman_hornet16.json
hornet,16,none,180,45,videos/14_09_0.mp4,Does the cup move away from the camera?,yes,No,no,0,0 3 6 9 13 16 19 22 26 29 32 35 39 42 45 48,,,gpt_5_6_luna_mbhuman_hornet16.json
hornet,16,none,181,45,videos/14_09_1.mp4,Does the cup move away from the camera?,no,No,no,1,11 46 49 52 55 58 60 63 66 69 72 75 78 81 84 87,,,gpt_5_6_luna_mbhuman_hornet16.json
hornet,16,none,182,45,videos/14_09_0.mp4,Does the cup move closer to the camera?,no,Yes,yes,0,0 3 6 9 13 16 19 22 26 29 32 35 39 42 45 48,,,gpt_5_6_luna_mbhuman_hornet16.json
hornet,16,none,183,45,videos/14_09_1.mp4,Does the cup move closer to the camera?,yes,No,no,0,11 46 49 52 55 58 60 63 66 69 72 75 78 81 84 87,,,gpt_5_6_luna_mbhuman_hornet16.json
hornet,16,none,184,46,videos/14_10_0.mp4,Is the table top moving up?,yes,No,no,0,0 6 12 19 38 44 50 57 69 76 82 88 95 101 108 114,,,gpt_5_6_luna_mbhuman_hornet16.json
hornet,16,none,185,46,videos/14_10_1.mp4,Is the table top moving up?,no,Yes,yes,0,85 100 107 114 128 136 143 150 157 164 171 179 186 193 200 207,,,gpt_5_6_luna_mbhuman_hornet16.json
hornet,16,none,186,46,videos/14_10_0.mp4,Is the table top moving down?,no,No,no,1,0 6 12 19 38 44 50 57 69 76 82 88 95 101 108 114,,,gpt_5_6_luna_mbhuman_hornet16.json
hornet,16,none,187,46,videos/14_10_1.mp4,Is the table top moving down?,yes,Yes,yes,1,85 100 107 114 128 136 143 150 157 164 171 179 186 193 200 207,,,gpt_5_6_luna_mbhuman_hornet16.json
hornet,16,none,188,47,videos/14_10_0.mp4,Does the table top go away from the floor?,yes,No,no,0,0 6 12 19 38 44 50 57 69 76 82 88 95 101 108 114,,,gpt_5_6_luna_mbhuman_hornet16.json
hornet,16,none,189,47,videos/14_10_1.mp4,Does the table top go away from the floor?,no,No,no,1,85 100 107 114 128 136 143 150 157 164 171 179 186 193 200 207,,,gpt_5_6_luna_mbhuman_hornet16.json
hornet,16,none,190,47,videos/14_10_0.mp4,Does the table top go towards the floor?,no,No,no,1,0 6 12 19 38 44 50 57 69 76 82 88 95 101 108 114,,,gpt_5_6_luna_mbhuman_hornet16.json
hornet,16,none,191,47,videos/14_10_1.mp4,Does the table top go towards the floor?,yes,No,no,0,85 100 107 114 128 136 143 150 157 164 171 179 186 193 200 207,,,gpt_5_6_luna_mbhuman_hornet16.json
hornet,16,none,192,48,videos/14_11_0.mp4,Does the toy car move away from the camera?,yes,Yes,yes,1,0 3 6 9 12 15 18 21 24 27 30 33 36 39 42 45,,,gpt_5_6_luna_mbhuman_hornet16.json
hornet,16,none,193,48,videos/14_11_1.mp4,Does the toy car move away from the camera?,no,Yes,yes,0,0 3 7 68 72 75 79 83 86 90 93 97 101 104 108 112,,,gpt_5_6_luna_mbhuman_hornet16.json
hornet,16,none,194,48,videos/14_11_0.mp4,Does the toy car move closer to the camera?,no,No,no,1,0 3 6 9 12 15 18 21 24 27 30 33 36 39 42 45,,,gpt_5_6_luna_mbhuman_hornet16.json
hornet,16,none,195,48,videos/14_11_1.mp4,Does the toy car move closer to the camera?,yes,Yes,yes,1,0 3 7 68 72 75 79 83 86 90 93 97 101 104 108 112,,,gpt_5_6_luna_mbhuman_hornet16.json
hornet,16,none,196,49,videos/14_12_0.mp4,"From the camera's point of view, does the ball roll to the camera's right?",yes,Yes,yes,1,0 2 5 8 11 13 16 19 22 24 27 30 33 36 38 41,,,gpt_5_6_luna_mbhuman_hornet16.json
hornet,16,none,197,49,videos/14_12_1.mp4,"From the camera's point of view, does the ball roll to the camera's right?",no,Yes,yes,0,0 2 5 8 11 14 17 19 22 25 28 31 34 36 39 42,,,gpt_5_6_luna_mbhuman_hornet16.json
hornet,16,none,198,49,videos/14_12_0.mp4,"From the camera's point of view, does the ball roll to the camera's left?",no,No,no,1,0 2 5 8 11 13 16 19 22 24 27 30 33 36 38 41,,,gpt_5_6_luna_mbhuman_hornet16.json
hornet,16,none,199,49,videos/14_12_1.mp4,"From the camera's point of view, does the ball roll to the camera's left?",yes,Yes,yes,1,0 2 5 8 11 14 17 19 22 25 28 31 34 36 39 42,,,gpt_5_6_luna_mbhuman_hornet16.json
hornet,16,none,200,50,videos/14_13_0.mp4,Is the cup moving away from the camera?,yes,No,no,0,0 3 6 9 13 16 19 22 26 29 35 39 55 58 61 65,,,gpt_5_6_luna_mbhuman_hornet16.json
hornet,16,none,201,50,videos/14_13_1.mp4,Is the cup moving away from the camera?,no,No,no,1,0 2 5 7 10 12 15 18 20 23 25 33 36 38 41 43,,,gpt_5_6_luna_mbhuman_hornet16.json
hornet,16,none,202,50,videos/14_13_0.mp4,Is the cup getting closer to the camera?,no,No,no,1,0 3 6 9 13 16 19 22 26 29 35 39 55 58 61 65,,,gpt_5_6_luna_mbhuman_hornet16.json
hornet,16,none,203,50,videos/14_13_1.mp4,Is the cup getting closer to the camera?,yes,No,no,0,0 2 5 7 10 12 15 18 20 23 25 33 36 38 41 43,,,gpt_5_6_luna_mbhuman_hornet16.json
hornet,16,none,204,51,videos/14_13_0.mp4,Is the cup moving closer to the sink?,yes,Yes,yes,1,0 3 6 9 13 16 19 22 26 29 35 39 55 58 61 65,,,gpt_5_6_luna_mbhuman_hornet16.json
hornet,16,none,205,51,videos/14_13_1.mp4,Is the cup moving closer to the sink?,no,Yes,yes,0,0 2 5 7 10 12 15 18 20 23 25 33 36 38 41 43,,,gpt_5_6_luna_mbhuman_hornet16.json
hornet,16,none,206,51,videos/14_13_0.mp4,Is the cup getting away from the sink?,no,Yes,yes,0,0 3 6 9 13 16 19 22 26 29 35 39 55 58 61 65,,,gpt_5_6_luna_mbhuman_hornet16.json
hornet,16,none,207,51,videos/14_13_1.mp4,Is the cup getting away from the sink?,yes,Yes,yes,1,0 2 5 7 10 12 15 18 20 23 25 33 36 38 41 43,,,gpt_5_6_luna_mbhuman_hornet16.json
hornet,16,none,208,52,videos/15_00_0.mp4,Is the man bending counter-clock wise?,yes,No,no,0,14 21 25 27 30 34 36 37 39 41 43 45 46 50 54 56,,,gpt_5_6_luna_mbhuman_hornet16.json
hornet,16,none,209,52,videos/15_00_1.mp4,Is the man bending counter-clock wise?,no,No,no,1,9 11 21 23 25 30 35 37 40 42 44 51 54 61 63 65,,,gpt_5_6_luna_mbhuman_hornet16.json
hornet,16,none,210,52,videos/15_00_0.mp4,Is the man bending clock wise?,no,Yes,yes,0,14 21 25 27 30 34 36 37 39 41 43 45 46 50 54 56,,,gpt_5_6_luna_mbhuman_hornet16.json
hornet,16,none,211,52,videos/15_00_1.mp4,Is the man bending clock wise?,yes,Yes,yes,1,9 11 21 23 25 30 35 37 40 42 44 51 54 61 63 65,,,gpt_5_6_luna_mbhuman_hornet16.json
hornet,16,none,212,53,videos/15_00_0.mp4,"From the camera's point of view, does the man move his head to the camera's left?",yes,No,no,0,14 21 25 27 30 34 36 37 39 41 43 45 46 50 54 56,,,gpt_5_6_luna_mbhuman_hornet16.json
hornet,16,none,213,53,videos/15_00_1.mp4,"From the camera's point of view, does the man move his head to the camera's left?",no,Yes,yes,0,9 11 21 23 25 30 35 37 40 42 44 51 54 61 63 65,,,gpt_5_6_luna_mbhuman_hornet16.json
hornet,16,none,214,53,videos/15_00_0.mp4,"From the camera's point of view, does the man move his head to the camera's right?",no,Yes,yes,0,14 21 25 27 30 34 36 37 39 41 43 45 46 50 54 56,,,gpt_5_6_luna_mbhuman_hornet16.json
hornet,16,none,215,53,videos/15_00_1.mp4,"From the camera's point of view, does the man move his head to the camera's right?",yes,Yes,yes,1,9 11 21 23 25 30 35 37 40 42 44 51 54 61 63 65,,,gpt_5_6_luna_mbhuman_hornet16.json
hornet,16,none,216,54,videos/15_01_0.mp4,Is the bottle spun clockwise?,yes,Yes,yes,1,6 13 19 26 32 39 45 52 58 65 71 78 84 91 97 188,,,gpt_5_6_luna_mbhuman_hornet16.json
hornet,16,none,217,54,videos/15_01_1.mp4,Is the bottle spun clockwise?,no,Yes,yes,0,41 48 55 62 69 145 152 159 166 173 180 187 194 201 208 215,,,gpt_5_6_luna_mbhuman_hornet16.json
hornet,16,none,218,54,videos/15_01_0.mp4,Is the bottle spun counter-clockwise?,no,Yes,yes,0,6 13 19 26 32 39 45 52 58 65 71 78 84 91 97 188,,,gpt_5_6_luna_mbhuman_hornet16.json
hornet,16,none,219,54,videos/15_01_1.mp4,Is the bottle spun counter-clockwise?,yes,Yes,yes,1,41 48 55 62 69 145 152 159 166 173 180 187 194 201 208 215,,,gpt_5_6_luna_mbhuman_hornet16.json
hornet,16,none,220,55,videos/15_02_0.mp4,Is the airpods case spun clockwise?,yes,Yes,yes,1,6 10 13 27 44 48 51 55 58 62 69 72 75 79 82 86,,,gpt_5_6_luna_mbhuman_hornet16.json
hornet,16,none,221,55,videos/15_02_1.mp4,Is the airpods case spun clockwise?,no,Yes,yes,0,20 22 24 26 28 30 33 47 49 51 53 55 57 59 61 64,,,gpt_5_6_luna_mbhuman_hornet16.json
hornet,16,none,222,55,videos/15_02_0.mp4,Is the airpods case spun counter-clockwise?,no,Yes,yes,0,6 10 13 27 44 48 51 55 58 62 69 72 75 79 82 86,,,gpt_5_6_luna_mbhuman_hornet16.json
hornet,16,none,223,55,videos/15_02_1.mp4,Is the airpods case spun counter-clockwise?,yes,Yes,yes,1,20 22 24 26 28 30 33 47 49 51 53 55 57 59 61 64,,,gpt_5_6_luna_mbhuman_hornet16.json
hornet,16,none,224,56,videos/15_03_0.mp4,Is the man spinning clockwise?,yes,Yes,yes,1,0 2 5 8 11 14 17 20 22 25 45 48 51 54 57 66,,,gpt_5_6_luna_mbhuman_hornet16.json
hornet,16,none,225,56,videos/15_03_1.mp4,Is the man spinning clockwise?,no,Yes,yes,0,0 2 5 8 11 14 17 20 23 38 41 44 47 59 86 89,,,gpt_5_6_luna_mbhuman_hornet16.json
hornet,16,none,226,56,videos/15_03_0.mp4,Is the man spinning counter-clockwise?,no,Yes,yes,0,0 2 5 8 11 14 17 20 22 25 45 48 51 54 57 66,,,gpt_5_6_luna_mbhuman_hornet16.json
hornet,16,none,227,56,videos/15_03_1.mp4,Is the man spinning counter-clockwise?,yes,Yes,yes,1,0 2 5 8 11 14 17 20 23 38 41 44 47 59 86 89,,,gpt_5_6_luna_mbhuman_hornet16.json
hornet,16,none,228,57,videos/15_04_0.mp4,Does the notebook rotate clockwise?,yes,No,no,0,46 50 53 57 67 70 73 77 80 83 87 90 93 97 100 104,,,gpt_5_6_luna_mbhuman_hornet16.json
hornet,16,none,229,57,videos/15_04_1.mp4,Does the notebook rotate clockwise?,no,Yes,yes,0,0 2 5 8 11 14 17 19 22 25 28 31 34 45 48 59,,,gpt_5_6_luna_mbhuman_hornet16.json
hornet,16,none,230,57,videos/15_04_0.mp4,Does the notebook rotate counter-clockwise?,no,No,no,1,46 50 53 57 67 70 73 77 80 83 87 90 93 97 100 104,,,gpt_5_6_luna_mbhuman_hornet16.json
hornet,16,none,231,57,videos/15_04_1.mp4,Does the notebook rotate counter-clockwise?,yes,No,no,0,0 2 5 8 11 14 17 19 22 25 28 31 34 45 48 59,,,gpt_5_6_luna_mbhuman_hornet16.json
hornet,16,none,232,58,videos/15_04_0.mp4,Does the notebook fall to the camera's right?,yes,No,no,0,46 50 53 57 67 70 73 77 80 83 87 90 93 97 100 104,,,gpt_5_6_luna_mbhuman_hornet16.json
hornet,16,none,233,58,videos/15_04_1.mp4,Does the notebook fall to the camera's right?,no,No,no,1,0 2 5 8 11 14 17 19 22 25 28 31 34 45 48 59,,,gpt_5_6_luna_mbhuman_hornet16.json
hornet,16,none,234,58,videos/15_04_0.mp4,Does the notebook fall to the camera's left?,no,No,no,1,46 50 53 57 67 70 73 77 80 83 87 90 93 97 100 104,,,gpt_5_6_luna_mbhuman_hornet16.json
hornet,16,none,235,58,videos/15_04_1.mp4,Does the notebook fall to the camera's left?,yes,No,no,0,0 2 5 8 11 14 17 19 22 25 28 31 34 45 48 59,,,gpt_5_6_luna_mbhuman_hornet16.json
hornet,16,none,236,59,videos/15_05_0.mp4,Is the cup spun clockwise?,yes,No,no,0,11 13 15 17 20 22 24 26 33 35 37 40 42 44 46 48,,,gpt_5_6_luna_mbhuman_hornet16.json
hornet,16,none,237,59,videos/15_05_1.mp4,Is the cup spun clockwise?,no,No,no,1,25 27 29 31 34 36 38 40 42 44 53 55 57 59 61 63,,,gpt_5_6_luna_mbhuman_hornet16.json
hornet,16,none,238,59,videos/15_05_0.mp4,Is the cup spun counter-clockwise?,no,No,no,1,11 13 15 17 20 22 24 26 33 35 37 40 42 44 46 48,,,gpt_5_6_luna_mbhuman_hornet16.json
hornet,16,none,239,59,videos/15_05_1.mp4,Is the cup spun counter-clockwise?,yes,No,no,0,25 27 29 31 34 36 38 40 42 44 53 55 57 59 61 63,,,gpt_5_6_luna_mbhuman_hornet16.json
